psgc,correspondence,name,geo_lvl,city_lvl,province_psgc,region_psgc
0102901000,012901000,Alilem,Mun,,0102900000,0100000000
0102902000,012902000,Banayoyo,Mun,,0102900000,0100000000
0102903000,012903000,Bantay,Mun,,0102900000,0100000000
0102904000,012904000,Burgos,Mun,,0102900000,0100000000
0102905000,012905000,Cabugao,Mun,,0102900000,0100000000
0102906000,012906000,City of Candon,City,CC,0102900000,0100000000
0102907000,012907000,Caoayan,Mun,,0102900000,0100000000
0102908000,012908000,Cervantes,Mun,,0102900000,0100000000
0102909000,012909000,Galimuyod,Mun,,0102900000,0100000000
0102910000,012910000,Gregorio del Pilar,Mun,,0102900000,0100000000
0102911000,012911000,Lidlidda,Mun,,0102900000,0100000000
0102912000,012912000,Magsingal,Mun,,0102900000,0100000000
0102913000,012913000,Nagbukel,Mun,,0102900000,0100000000
0102914000,012914000,Narvacan,Mun,,0102900000,0100000000
0102915000,012915000,Quirino,Mun,,0102900000,0100000000
0102916000,012916000,Salcedo,Mun,,0102900000,0100000000
0102917000,012917000,San Emilio,Mun,,0102900000,0100000000
0102918000,012918000,San Esteban,Mun,,0102900000,0100000000
0102919000,012919000,San Ildefonso,Mun,,0102900000,0100000000
0102920000,012920000,San Juan,Mun,,0102900000,0100000000
0102921000,012921000,San Vicente,Mun,,0102900000,0100000000
0102922000,012922000,Santa,Mun,,0102900000,0100000000
0102923000,012923000,Santa Catalina,Mun,,0102900000,0100000000
0102924000,012924000,Santa Cruz,Mun,,0102900000,0100000000
0102925000,012925000,Santa Lucia,Mun,,0102900000,0100000000
0102926000,012926000,Santa Maria,Mun,,0102900000,0100000000
0102927000,012927000,Santiago,Mun,,0102900000,0100000000
0102928000,012928000,Santo Domingo,Mun,,0102900000,0100000000
0102929000,012929000,Sigay,Mun,,0102900000,0100000000
0102930000,012930000,Sinait,Mun,,0102900000,0100000000
0102931000,012931000,Sugpon,Mun,,0102900000,0100000000
0102932000,012932000,Suyo,Mun,,0102900000,0100000000
0102933000,012933000,Tagudin,Mun,,0102900000,0100000000
0102934000,012934000,City of Vigan,City,CC,0102900000,0100000000
0103301000,013301000,Agoo,Mun,,0103300000,0100000000
0103302000,013302000,Aringay,Mun,,0103300000,0100000000
0103303000,013303000,Bacnotan,Mun,,0103300000,0100000000
0103304000,013304000,Bagulin,Mun,,0103300000,0100000000
0103305000,013305000,Balaoan,Mun,,0103300000,0100000000
0103306000,013306000,Bangar,Mun,,0103300000,0100000000
0103307000,013307000,Bauang,Mun,,0103300000,0100000000
0103308000,013308000,Burgos,Mun,,0103300000,0100000000
0103309000,013309000,Caba,Mun,,0103300000,0100000000
0103310000,013310000,Luna,Mun,,0103300000,0100000000
0103311000,013311000,Naguilian,Mun,,0103300000,0100000000
0103312000,013312000,Pugo,Mun,,0103300000,0100000000
0103313000,013313000,Rosario,Mun,,0103300000,0100000000
0103314000,013314000,City of San Fernando,City,CC,0103300000,0100000000
0103315000,013315000,San Gabriel,Mun,,0103300000,0100000000
0103316000,013316000,San Juan,Mun,,0103300000,0100000000
0103317000,013317000,Santo Tomas,Mun,,0103300000,0100000000
0103318000,013318000,Santol,Mun,,0103300000,0100000000
0103319000,013319000,Sudipen,Mun,,0103300000,0100000000
0103320000,013320000,Tubao,Mun,,0103300000,0100000000
0105501000,015501000,Agno,Mun,,0105500000,0100000000
0105502000,015502000,Aguilar,Mun,,0105500000,0100000000
0105503000,015503000,City of Alaminos,City,CC,0105500000,0100000000
0105504000,015504000,Alcala,Mun,,0105500000,0100000000
0105505000,015505000,Anda,Mun,,0105500000,0100000000
0105506000,015506000,Asingan,Mun,,0105500000,0100000000
0105507000,015507000,Balungao,Mun,,0105500000,0100000000
0105508000,015508000,Bani,Mun,,0105500000,0100000000
0105509000,015509000,Basista,Mun,,0105500000,0100000000
0105510000,015510000,Bautista,Mun,,0105500000,0100000000
0105511000,015511000,Bayambang,Mun,,0105500000,0100000000
0105512000,015512000,Binalonan,Mun,,0105500000,0100000000
0105513000,015513000,Binmaley,Mun,,0105500000,0100000000
0105514000,015514000,Bolinao,Mun,,0105500000,0100000000
0105515000,015515000,Bugallon,Mun,,0105500000,0100000000
0105516000,015516000,Burgos,Mun,,0105500000,0100000000
0105517000,015517000,Calasiao,Mun,,0105500000,0100000000
0105518000,015518000,Dagupan City,City,ICC,0105500000,0100000000
0105519000,015519000,Dasol,Mun,,0105500000,0100000000
0105520000,015520000,Infanta,Mun,,0105500000,0100000000
0105521000,015521000,Labrador,Mun,,0105500000,0100000000
0105522000,015522000,Lingayen,Mun,,0105500000,0100000000
0105523000,015523000,Mabini,Mun,,0105500000,0100000000
0105524000,015524000,Malasiqui,Mun,,0105500000,0100000000
0105525000,015525000,Manaoag,Mun,,0105500000,0100000000
0105526000,015526000,Mangaldan,Mun,,0105500000,0100000000
0105527000,015527000,Mangatarem,Mun,,0105500000,0100000000
0105528000,015528000,Mapandan,Mun,,0105500000,0100000000
0105529000,015529000,Natividad,Mun,,0105500000,0100000000
0105530000,015530000,Pozorrubio,Mun,,0105500000,0100000000
0105531000,015531000,Rosales,Mun,,0105500000,0100000000
0105532000,015532000,San Carlos City,City,CC,0105500000,0100000000
0105533000,015533000,San Fabian,Mun,,0105500000,0100000000
0105534000,015534000,San Jacinto,Mun,,0105500000,0100000000
0105535000,015535000,San Manuel,Mun,,0105500000,0100000000
0105536000,015536000,San Nicolas,Mun,,0105500000,0100000000
0105537000,015537000,San Quintin,Mun,,0105500000,0100000000
0105538000,015538000,Santa Barbara,Mun,,0105500000,0100000000
0105539000,015539000,Santa Maria,Mun,,0105500000,0100000000
0105540000,015540000,Santo Tomas,Mun,,0105500000,0100000000
0105541000,015541000,Sison,Mun,,0105500000,0100000000
0105542000,015542000,Sual,Mun,,0105500000,0100000000
0105543000,015543000,Tayug,Mun,,0105500000,0100000000
0105544000,015544000,Umingan,Mun,,0105500000,0100000000
0105545000,015545000,Urbiztondo,Mun,,0105500000,0100000000
0105546000,015546000,City of Urdaneta,City,CC,0105500000,0100000000
0105547000,015547000,Villasis,Mun,,0105500000,0100000000
0105548000,015548000,Laoac,Mun,,0105500000,0100000000
0200901000,020901000,Basco,Mun,,0200900000,0200000000
0200902000,020902000,Itbayat,Mun,,0200900000,0200000000
0200903000,020903000,Ivana,Mun,,0200900000,0200000000
0200904000,020904000,Mahatao,Mun,,0200900000,0200000000
0200905000,020905000,Sabtang,Mun,,0200900000,0200000000
0200906000,020906000,Uyugan,Mun,,0200900000,0200000000
0201501000,021501000,Abulug,Mun,,0201500000,0200000000
0201502000,021502000,Alcala,Mun,,0201500000,0200000000
0201503000,021503000,Allacapan,Mun,,0201500000,0200000000
0201504000,021504000,Amulung,Mun,,0201500000,0200000000
0201505000,021505000,Aparri,Mun,,0201500000,0200000000
0201506000,021506000,Baggao,Mun,,0201500000,0200000000
0201507000,021507000,Ballesteros,Mun,,0201500000,0200000000
0201508000,021508000,Buguey,Mun,,0201500000,0200000000
0201509000,021509000,Calayan,Mun,,0201500000,0200000000
0201510000,021510000,Camalaniugan,Mun,,0201500000,0200000000
0201511000,021511000,Claveria,Mun,,0201500000,0200000000
0201512000,021512000,Enrile,Mun,,0201500000,0200000000
0201513000,021513000,Gattaran,Mun,,0201500000,0200000000
0201514000,021514000,Gonzaga,Mun,,0201500000,0200000000
0201515000,021515000,Iguig,Mun,,0201500000,0200000000
0201516000,021516000,Lal-Lo,Mun,,0201500000,0200000000
0201517000,021517000,Lasam,Mun,,0201500000,0200000000
0201518000,021518000,Pamplona,Mun,,0201500000,0200000000
0201519000,021519000,Peñablanca,Mun,,0201500000,0200000000
0201520000,021520000,Piat,Mun,,0201500000,0200000000
0201521000,021521000,Rizal,Mun,,0201500000,0200000000
0201522000,021522000,Sanchez-Mira,Mun,,0201500000,0200000000
0201523000,021523000,Santa Ana,Mun,,0201500000,0200000000
0201524000,021524000,Santa Praxedes,Mun,,0201500000,0200000000
0201525000,021525000,Santa Teresita,Mun,,0201500000,0200000000
0201526000,021526000,Santo Niño,Mun,,0201500000,0200000000
0201527000,021527000,Solana,Mun,,0201500000,0200000000
0201528000,021528000,Tuao,Mun,,0201500000,0200000000
0201529000,021529000,Tuguegarao City,City,CC,0201500000,0200000000
0203101000,023101000,Alicia,Mun,,0203100000,0200000000
0203102000,023102000,Angadanan,Mun,,0203100000,0200000000
0203103000,023103000,Aurora,Mun,,0203100000,0200000000
0203104000,023104000,Benito Soliven,Mun,,0203100000,0200000000
0203105000,023105000,Burgos,Mun,,0203100000,0200000000
0203106000,023106000,Cabagan,Mun,,0203100000,0200000000
0203107000,023107000,Cabatuan,Mun,,0203100000,0200000000
0203108000,023108000,City of Cauayan,City,CC,0203100000,0200000000
0203109000,023109000,Cordon,Mun,,0203100000,0200000000
0203110000,023110000,Dinapigue,Mun,,0203100000,0200000000
0203111000,023111000,Divilacan,Mun,,0203100000,0200000000
0203112000,023112000,Echague,Mun,,0203100000,0200000000
0203113000,023113000,Gamu,Mun,,0203100000,0200000000
0203114000,023114000,Ilagan City,City,CC,0203100000,0200000000
0203115000,023115000,Jones,Mun,,0203100000,0200000000
0203116000,023116000,Luna,Mun,,0203100000,0200000000
0203117000,023117000,Maconacon,Mun,,0203100000,0200000000
0203118000,023118000,Delfin Albano,Mun,,0203100000,0200000000
0203119000,023119000,Mallig,Mun,,0203100000,0200000000
0203120000,023120000,Naguilian,Mun,,0203100000,0200000000
0203121000,023121000,Palanan,Mun,,0203100000,0200000000
0203122000,023122000,Quezon,Mun,,0203100000,0200000000
0203123000,023123000,Quirino,Mun,,0203100000,0200000000
0203124000,023124000,Ramon,Mun,,0203100000,0200000000
0203125000,023125000,Reina Mercedes,Mun,,0203100000,0200000000
0203126000,023126000,Roxas,Mun,,0203100000,0200000000
0203127000,023127000,San Agustin,Mun,,0203100000,0200000000
0203128000,023128000,San Guillermo,Mun,,0203100000,0200000000
0203129000,023129000,San Isidro,Mun,,0203100000,0200000000
0203130000,023130000,San Manuel,Mun,,0203100000,0200000000
0203131000,023131000,San Mariano,Mun,,0203100000,0200000000
0203132000,023132000,San Mateo,Mun,,0203100000,0200000000
0203133000,023133000,San Pablo,Mun,,0203100000,0200000000
0203134000,023134000,Santa Maria,Mun,,0203100000,0200000000
0203135000,023135000,City of Santiago,City,ICC,0203100000,0200000000
0203136000,023136000,Santo Tomas,Mun,,0203100000,0200000000
0205001000,025001000,Ambaguio,Mun,,0205000000,0200000000
0205002000,025002000,Aritao,Mun,,0205000000,0200000000
0205003000,025003000,Bagabag,Mun,,0205000000,0200000000
0205004000,025004000,Bambang,Mun,,0205000000,0200000000
0205005000,025005000,Bayombong,Mun,,0205000000,0200000000
0205006000,025006000,Diadi,Mun,,0205000000,0200000000
0205007000,025007000,Dupax del Norte,Mun,,0205000000,0200000000
0205008000,025008000,Dupax del Sur,Mun,,0205000000,0200000000
0205009000,025009000,Kasibu,Mun,,0205000000,0200000000
0205010000,025010000,Kayapa,Mun,,0205000000,0200000000
0205011000,025011000,Quezon,Mun,,0205000000,0200000000
0205012000,025012000,Santa Fe,Mun,,0205000000,0200000000
0205013000,025013000,Solano,Mun,,0205000000,0200000000
0203137000,023137000,Tumauini,Mun,,0203100000,0200000000
0205014000,025014000,Villaverde,Mun,,0205000000,0200000000
0205015000,025015000,Alfonso Castaneda,Mun,,0205000000,0200000000
0205701000,025701000,Aglipay,Mun,,0205700000,0200000000
0205702000,025702000,Cabarroguis,Mun,,0205700000,0200000000
0205703000,025703000,Diffun,Mun,,0205700000,0200000000
0205704000,025704000,Maddela,Mun,,0205700000,0200000000
0205705000,025705000,Saguday,Mun,,0205700000,0200000000
0205706000,025706000,Nagtipunan,Mun,,0205700000,0200000000
0300801000,030801000,Abucay,Mun,,0300800000,0300000000
0300802000,030802000,Bagac,Mun,,0300800000,0300000000
0300803000,030803000,City of Balanga,City,CC,0300800000,0300000000
0300804000,030804000,Dinalupihan,Mun,,0300800000,0300000000
0300805000,030805000,Hermosa,Mun,,0300800000,0300000000
0300806000,030806000,Limay,Mun,,0300800000,0300000000
0300807000,030807000,Mariveles,Mun,,0300800000,0300000000
0300808000,030808000,Morong,Mun,,0300800000,0300000000
0300809000,030809000,Orani,Mun,,0300800000,0300000000
0300810000,030810000,Orion,Mun,,0300800000,0300000000
0300811000,030811000,Pilar,Mun,,0300800000,0300000000
0300812000,030812000,Samal,Mun,,0300800000,0300000000
0301401000,031401000,Angat,Mun,,0301400000,0300000000
0301402000,031402000,Balagtas,Mun,,0301400000,0300000000
0301403000,031403000,Baliuag,City,CC,0301400000,0300000000
0301404000,031404000,Bocaue,Mun,,0301400000,0300000000
0301405000,031405000,Bulacan,Mun,,0301400000,0300000000
0301406000,031406000,Bustos,Mun,,0301400000,0300000000
0301407000,031407000,Calumpit,Mun,,0301400000,0300000000
0301408000,031408000,Guiguinto,Mun,,0301400000,0300000000
0301409000,031409000,Hagonoy,Mun,,0301400000,0300000000
0301410000,031410000,City of Malolos,City,CC,0301400000,0300000000
0301411000,031411000,Marilao,Mun,,0301400000,0300000000
0301412000,031412000,City of Meycauayan,City,CC,0301400000,0300000000
0301413000,031413000,Norzagaray,Mun,,0301400000,0300000000
0301414000,031414000,Obando,Mun,,0301400000,0300000000
0301415000,031415000,Pandi,Mun,,0301400000,0300000000
0301416000,031416000,Paombong,Mun,,0301400000,0300000000
0301417000,031417000,Plaridel,Mun,,0301400000,0300000000
0301418000,031418000,Pulilan,Mun,,0301400000,0300000000
0301419000,031419000,San Ildefonso,Mun,,0301400000,0300000000
0301420000,031420000,City of San Jose del Monte,City,CC,0301400000,0300000000
0301421000,031421000,San Miguel,Mun,,0301400000,0300000000
0301422000,031422000,San Rafael,Mun,,0301400000,0300000000
0301423000,031423000,Santa Maria,Mun,,0301400000,0300000000
0301424000,031424000,Doña Remedios Trinidad,Mun,,0301400000,0300000000
0304901000,034901000,Aliaga,Mun,,0304900000,0300000000
0304902000,034902000,Bongabon,Mun,,0304900000,0300000000
0304903000,034903000,Cabanatuan City,City,CC,0304900000,0300000000
0304904000,034904000,Cabiao,Mun,,0304900000,0300000000
0304905000,034905000,Carranglan,Mun,,0304900000,0300000000
0304906000,034906000,Cuyapo,Mun,,0304900000,0300000000
0304907000,034907000,Gabaldon,Mun,,0304900000,0300000000
0304908000,034908000,City of Gapan,City,CC,0304900000,0300000000
0304909000,034909000,General Mamerto Natividad,Mun,,0304900000,0300000000
0304910000,034910000,General Tinio,Mun,,0304900000,0300000000
0304911000,034911000,Guimba,Mun,,0304900000,0300000000
0304912000,034912000,Jaen,Mun,,0304900000,0300000000
0304913000,034913000,Laur,Mun,,0304900000,0300000000
0304914000,034914000,Licab,Mun,,0304900000,0300000000
0304915000,034915000,Llanera,Mun,,0304900000,0300000000
0304916000,034916000,Lupao,Mun,,0304900000,0300000000
0304917000,034917000,Science City of Muñoz,City,CC,0304900000,0300000000
0304918000,034918000,Nampicuan,Mun,,0304900000,0300000000
0304919000,034919000,Palayan City,City,CC,0304900000,0300000000
0304920000,034920000,Pantabangan,Mun,,0304900000,0300000000
0304921000,034921000,Peñaranda,Mun,,0304900000,0300000000
0304922000,034922000,Quezon,Mun,,0304900000,0300000000
0304923000,034923000,Rizal,Mun,,0304900000,0300000000
0304924000,034924000,San Antonio,Mun,,0304900000,0300000000
0304925000,034925000,San Isidro,Mun,,0304900000,0300000000
0304926000,034926000,San Jose City,City,CC,0304900000,0300000000
0304927000,034927000,San Leonardo,Mun,,0304900000,0300000000
0304928000,034928000,Santa Rosa,Mun,,0304900000,0300000000
0304929000,034929000,Santo Domingo,Mun,,0304900000,0300000000
0304930000,034930000,Talavera,Mun,,0304900000,0300000000
0304931000,034931000,Talugtug,Mun,,0304900000,0300000000
0304932000,034932000,Zaragoza,Mun,,0304900000,0300000000
0330100000,035401000,Angeles City,City,HUC,0305400000,0300000000
0305402000,035402000,Apalit,Mun,,0305400000,0300000000
0305403000,035403000,Arayat,Mun,,0305400000,0300000000
0305404000,035404000,Bacolor,Mun,,0305400000,0300000000
0305405000,035405000,Candaba,Mun,,0305400000,0300000000
0305406000,035406000,Floridablanca,Mun,,0305400000,0300000000
0305407000,035407000,Guagua,Mun,,0305400000,0300000000
0305408000,035408000,Lubao,Mun,,0305400000,0300000000
0305409000,035409000,Mabalacat City,City,CC,0305400000,0300000000
0305410000,035410000,Macabebe,Mun,,0305400000,0300000000
0305411000,035411000,Magalang,Mun,,0305400000,0300000000
0305412000,035412000,Masantol,Mun,,0305400000,0300000000
0305413000,035413000,Mexico,Mun,,0305400000,0300000000
0305414000,035414000,Minalin,Mun,,0305400000,0300000000
0305415000,035415000,Porac,Mun,,0305400000,0300000000
0305416000,035416000,City of San Fernando,City,CC,0305400000,0300000000
0305417000,035417000,San Luis,Mun,,0305400000,0300000000
0305418000,035418000,San Simon,Mun,,0305400000,0300000000
0305419000,035419000,Santa Ana,Mun,,0305400000,0300000000
0305420000,035420000,Santa Rita,Mun,,0305400000,0300000000
0305421000,035421000,Santo Tomas,Mun,,0305400000,0300000000
0305422000,035422000,Sasmuan,Mun,,0305400000,0300000000
0306901000,036901000,Anao,Mun,,0306900000,0300000000
0306902000,036902000,Bamban,Mun,,0306900000,0300000000
0306903000,036903000,Camiling,Mun,,0306900000,0300000000
0306904000,036904000,Capas,Mun,,0306900000,0300000000
0306905000,036905000,Concepcion,Mun,,0306900000,0300000000
0306906000,036906000,Gerona,Mun,,0306900000,0300000000
0306907000,036907000,La Paz,Mun,,0306900000,0300000000
0306908000,036908000,Mayantoc,Mun,,0306900000,0300000000
0306909000,036909000,Moncada,Mun,,0306900000,0300000000
0306910000,036910000,Paniqui,Mun,,0306900000,0300000000
0306911000,036911000,Pura,Mun,,0306900000,0300000000
0306912000,036912000,Ramos,Mun,,0306900000,0300000000
0306913000,036913000,San Clemente,Mun,,0306900000,0300000000
0306914000,036914000,San Manuel,Mun,,0306900000,0300000000
0306915000,036915000,Santa Ignacia,Mun,,0306900000,0300000000
0306916000,036916000,City of Tarlac,City,CC,0306900000,0300000000
0306917000,036917000,Victoria,Mun,,0306900000,0300000000
0306918000,036918000,San Jose,Mun,,0306900000,0300000000
0307101000,037101000,Botolan,Mun,,0307100000,0300000000
0307102000,037102000,Cabangan,Mun,,0307100000,0300000000
0307103000,037103000,Candelaria,Mun,,0307100000,0300000000
0307104000,037104000,Castillejos,Mun,,0307100000,0300000000
0307105000,037105000,Iba,Mun,,0307100000,0300000000
0307106000,037106000,Masinloc,Mun,,0307100000,0300000000
0331400000,037107000,Olongapo City,City,HUC,0307100000,0300000000
0307108000,037108000,Palauig,Mun,,0307100000,0300000000
0307109000,037109000,San Antonio,Mun,,0307100000,0300000000
0307110000,037110000,San Felipe,Mun,,0307100000,0300000000
0307111000,037111000,San Marcelino,Mun,,0307100000,0300000000
0307112000,037112000,San Narciso,Mun,,0307100000,0300000000
0307113000,037113000,Santa Cruz,Mun,,0307100000,0300000000
0307114000,037114000,Subic,Mun,,0307100000,0300000000
0307701000,037701000,Baler,Mun,,0307700000,0300000000
0307702000,037702000,Casiguran,Mun,,0307700000,0300000000
0307703000,037703000,Dilasag,Mun,,0307700000,0300000000
0307704000,037704000,Dinalungan,Mun,,0307700000,0300000000
0307705000,037705000,Dingalan,Mun,,0307700000,0300000000
0307706000,037706000,Dipaculao,Mun,,0307700000,0300000000
0307707000,037707000,Maria Aurora,Mun,,0307700000,0300000000
0307708000,037708000,San Luis,Mun,,0307700000,0300000000
0401001000,041001000,Agoncillo,Mun,,0401000000,0400000000
0401002000,041002000,Alitagtag,Mun,,0401000000,0400000000
0401003000,041003000,Balayan,Mun,,0401000000,0400000000
0401004000,041004000,Balete,Mun,,0401000000,0400000000
0401005000,041005000,Batangas City,City,CC,0401000000,0400000000
0401006000,041006000,Bauan,Mun,,0401000000,0400000000
0401007000,041007000,Calaca,City,CC,0401000000,0400000000
0401008000,041008000,Calatagan,Mun,,0401000000,0400000000
0401009000,041009000,Cuenca,Mun,,0401000000,0400000000
0401010000,041010000,Ibaan,Mun,,0401000000,0400000000
0401011000,041011000,Laurel,Mun,,0401000000,0400000000
0401012000,041012000,Lemery,Mun,,0401000000,0400000000
0401013000,041013000,Lian,Mun,,0401000000,0400000000
0401014000,041014000,Lipa City,City,CC,0401000000,0400000000
0401015000,041015000,Lobo,Mun,,0401000000,0400000000
0401016000,041016000,Mabini,Mun,,0401000000,0400000000
0401017000,041017000,Malvar,Mun,,0401000000,0400000000
0401018000,041018000,Mataasnakahoy,Mun,,0401000000,0400000000
0401019000,041019000,Nasugbu,Mun,,0401000000,0400000000
0401020000,041020000,Padre Garcia,Mun,,0401000000,0400000000
0401021000,041021000,Rosario,Mun,,0401000000,0400000000
0401022000,041022000,San Jose,Mun,,0401000000,0400000000
0401023000,041023000,San Juan,Mun,,0401000000,0400000000
0401024000,041024000,San Luis,Mun,,0401000000,0400000000
0401025000,041025000,San Nicolas,Mun,,0401000000,0400000000
0401026000,041026000,San Pascual,Mun,,0401000000,0400000000
0401027000,041027000,Santa Teresita,Mun,,0401000000,0400000000
0401028000,041028000,Santo Tomas,City,CC,0401000000,0400000000
0401029000,041029000,Taal,Mun,,0401000000,0400000000
0401030000,041030000,Talisay,Mun,,0401000000,0400000000
0401031000,041031000,City of Tanauan,City,CC,0401000000,0400000000
0401032000,041032000,Taysan,Mun,,0401000000,0400000000
0401033000,041033000,Tingloy,Mun,,0401000000,0400000000
0401034000,041034000,Tuy,Mun,,0401000000,0400000000
0402101000,042101000,Alfonso,Mun,,0402100000,0400000000
0402102000,042102000,Amadeo,Mun,,0402100000,0400000000
0402103000,042103000,Bacoor City,City,CC,0402100000,0400000000
0402104000,042104000,Carmona,City,CC,0402100000,0400000000
0402105000,042105000,Cavite City,City,CC,0402100000,0400000000
0402106000,042106000,City of Dasmariñas,City,CC,0402100000,0400000000
0402107000,042107000,General Emilio Aguinaldo,Mun,,0402100000,0400000000
0402108000,042108000,City of General Trias,City,CC,0402100000,0400000000
0402109000,042109000,Imus City,City,CC,0402100000,0400000000
0402110000,042110000,Indang,Mun,,0402100000,0400000000
0402111000,042111000,Kawit,Mun,,0402100000,0400000000
0402112000,042112000,Magallanes,Mun,,0402100000,0400000000
0402113000,042113000,Maragondon,Mun,,0402100000,0400000000
0402114000,042114000,Mendez,Mun,,0402100000,0400000000
0402115000,042115000,Naic,Mun,,0402100000,0400000000
0402116000,042116000,Noveleta,Mun,,0402100000,0400000000
0402117000,042117000,Rosario,Mun,,0402100000,0400000000
0402118000,042118000,Silang,Mun,,0402100000,0400000000
0402119000,042119000,Tagaytay City,City,CC,0402100000,0400000000
0402120000,042120000,Tanza,Mun,,0402100000,0400000000
0402121000,042121000,Ternate,Mun,,0402100000,0400000000
0402122000,042122000,Trece Martires City,City,CC,0402100000,0400000000
0402123000,042123000,Gen. Mariano Alvarez,Mun,,0402100000,0400000000
0403401000,043401000,Alaminos,Mun,,0403400000,0400000000
0403402000,043402000,Bay,Mun,,0403400000,0400000000
0403403000,043403000,City of Biñan,City,CC,0403400000,0400000000
0403404000,043404000,Cabuyao City,City,CC,0403400000,0400000000
0403405000,043405000,City of Calamba,City,CC,0403400000,0400000000
0403406000,043406000,Calauan,Mun,,0403400000,0400000000
0403407000,043407000,Cavinti,Mun,,0403400000,0400000000
0403408000,043408000,Famy,Mun,,0403400000,0400000000
0403409000,043409000,Kalayaan,Mun,,0403400000,0400000000
0403410000,043410000,Liliw,Mun,,0403400000,0400000000
0403411000,043411000,Los Baños,Mun,,0403400000,0400000000
0403412000,043412000,Luisiana,Mun,,0403400000,0400000000
0403413000,043413000,Lumban,Mun,,0403400000,0400000000
0403414000,043414000,Mabitac,Mun,,0403400000,0400000000
0403415000,043415000,Magdalena,Mun,,0403400000,0400000000
0403416000,043416000,Majayjay,Mun,,0403400000,0400000000
0403417000,043417000,Nagcarlan,Mun,,0403400000,0400000000
0403418000,043418000,Paete,Mun,,0403400000,0400000000
0403419000,043419000,Pagsanjan,Mun,,0403400000,0400000000
0403420000,043420000,Pakil,Mun,,0403400000,0400000000
0403421000,043421000,Pangil,Mun,,0403400000,0400000000
0403422000,043422000,Pila,Mun,,0403400000,0400000000
0403423000,043423000,Rizal,Mun,,0403400000,0400000000
0403424000,043424000,San Pablo City,City,CC,0403400000,0400000000
0403425000,043425000,City of San Pedro,City,CC,0403400000,0400000000
0403426000,043426000,Santa Cruz,Mun,,0403400000,0400000000
0403427000,043427000,Santa Maria,Mun,,0403400000,0400000000
0403428000,043428000,City of Santa Rosa,City,CC,0403400000,0400000000
0403429000,043429000,Siniloan,Mun,,0403400000,0400000000
0403430000,043430000,Victoria,Mun,,0403400000,0400000000
0405601000,045601000,Agdangan,Mun,,0405600000,0400000000
0405602000,045602000,Alabat,Mun,,0405600000,0400000000
0405603000,045603000,Atimonan,Mun,,0405600000,0400000000
0405605000,045605000,Buenavista,Mun,,0405600000,0400000000
0405606000,045606000,Burdeos,Mun,,0405600000,0400000000
0405607000,045607000,Calauag,Mun,,0405600000,0400000000
0405608000,045608000,Candelaria,Mun,,0405600000,0400000000
0405610000,045610000,Catanauan,Mun,,0405600000,0400000000
0405615000,045615000,Dolores,Mun,,0405600000,0400000000
0405616000,045616000,General Luna,Mun,,0405600000,0400000000
0405617000,045617000,General Nakar,Mun,,0405600000,0400000000
0405618000,045618000,Guinayangan,Mun,,0405600000,0400000000
0405619000,045619000,Gumaca,Mun,,0405600000,0400000000
0405620000,045620000,Infanta,Mun,,0405600000,0400000000
0405621000,045621000,Jomalig,Mun,,0405600000,0400000000
0405622000,045622000,Lopez,Mun,,0405600000,0400000000
0405623000,045623000,Lucban,Mun,,0405600000,0400000000
0431200000,045624000,Lucena City,City,HUC,0405600000,0400000000
0405625000,045625000,Macalelon,Mun,,0405600000,0400000000
0405627000,045627000,Mauban,Mun,,0405600000,0400000000
0405628000,045628000,Mulanay,Mun,,0405600000,0400000000
0405629000,045629000,Padre Burgos,Mun,,0405600000,0400000000
0405630000,045630000,Pagbilao,Mun,,0405600000,0400000000
0405631000,045631000,Panukulan,Mun,,0405600000,0400000000
0405632000,045632000,Patnanungan,Mun,,0405600000,0400000000
0405633000,045633000,Perez,Mun,,0405600000,0400000000
0405634000,045634000,Pitogo,Mun,,0405600000,0400000000
0405635000,045635000,Plaridel,Mun,,0405600000,0400000000
0405636000,045636000,Polillo,Mun,,0405600000,0400000000
0405637000,045637000,Quezon,Mun,,0405600000,0400000000
0405638000,045638000,Real,Mun,,0405600000,0400000000
0405639000,045639000,Sampaloc,Mun,,0405600000,0400000000
0405640000,045640000,San Andres,Mun,,0405600000,0400000000
0405641000,045641000,San Antonio,Mun,,0405600000,0400000000
0405642000,045642000,San Francisco,Mun,,0405600000,0400000000
0405644000,045644000,San Narciso,Mun,,0405600000,0400000000
0405645000,045645000,Sariaya,Mun,,0405600000,0400000000
0405646000,045646000,Tagkawayan,Mun,,0405600000,0400000000
0405647000,045647000,City of Tayabas,City,CC,0405600000,0400000000
0405648000,045648000,Tiaong,Mun,,0405600000,0400000000
0405649000,045649000,Unisan,Mun,,0405600000,0400000000
0405801000,045801000,Angono,Mun,,0405800000,0400000000
0405802000,045802000,City of Antipolo,City,CC,0405800000,0400000000
0405803000,045803000,Baras,Mun,,0405800000,0400000000
0405804000,045804000,Binangonan,Mun,,0405800000,0400000000
0405805000,045805000,Cainta,Mun,,0405800000,0400000000
0405806000,045806000,Cardona,Mun,,0405800000,0400000000
0405807000,045807000,Jala-Jala,Mun,,0405800000,0400000000
0405808000,045808000,Rodriguez,Mun,,0405800000,0400000000
0405809000,045809000,Morong,Mun,,0405800000,0400000000
0405810000,045810000,Pililla,Mun,,0405800000,0400000000
0405811000,045811000,San Mateo,Mun,,0405800000,0400000000
0405812000,045812000,Tanay,Mun,,0405800000,0400000000
0405813000,045813000,Taytay,Mun,,0405800000,0400000000
0405814000,045814000,Teresa,Mun,,0405800000,0400000000
0500501000,050501000,Bacacay,Mun,,0500500000,0500000000
0500502000,050502000,Camalig,Mun,,0500500000,0500000000
0500503000,050503000,Daraga,Mun,,0500500000,0500000000
0500504000,050504000,Guinobatan,Mun,,0500500000,0500000000
0500505000,050505000,Jovellar,Mun,,0500500000,0500000000
0500506000,050506000,Legazpi City,City,CC,0500500000,0500000000
0500507000,050507000,Libon,Mun,,0500500000,0500000000
0500508000,050508000,City of Ligao,City,CC,0500500000,0500000000
0500509000,050509000,Malilipot,Mun,,0500500000,0500000000
0500510000,050510000,Malinao,Mun,,0500500000,0500000000
0500511000,050511000,Manito,Mun,,0500500000,0500000000
0500512000,050512000,Oas,Mun,,0500500000,0500000000
0500513000,050513000,Pio Duran,Mun,,0500500000,0500000000
0500514000,050514000,Polangui,Mun,,0500500000,0500000000
0500515000,050515000,Rapu-Rapu,Mun,,0500500000,0500000000
0500516000,050516000,Santo Domingo,Mun,,0500500000,0500000000
0500517000,050517000,City of Tabaco,City,CC,0500500000,0500000000
0500518000,050518000,Tiwi,Mun,,0500500000,0500000000
0501601000,051601000,Basud,Mun,,0501600000,0500000000
0501602000,051602000,Capalonga,Mun,,0501600000,0500000000
0501603000,051603000,Daet,Mun,,0501600000,0500000000
0501604000,051604000,San Lorenzo Ruiz,Mun,,0501600000,0500000000
0501605000,051605000,Jose Panganiban,Mun,,0501600000,0500000000
0501606000,051606000,Labo,Mun,,0501600000,0500000000
0501607000,051607000,Mercedes,Mun,,0501600000,0500000000
0501608000,051608000,Paracale,Mun,,0501600000,0500000000
0501609000,051609000,San Vicente,Mun,,0501600000,0500000000
0501610000,051610000,Santa Elena,Mun,,0501600000,0500000000
0501611000,051611000,Talisay,Mun,,0501600000,0500000000
0501612000,051612000,Vinzons,Mun,,0501600000,0500000000
0501701000,051701000,Baao,Mun,,0501700000,0500000000
0501702000,051702000,Balatan,Mun,,0501700000,0500000000
0501703000,051703000,Bato,Mun,,0501700000,0500000000
0501704000,051704000,Bombon,Mun,,0501700000,0500000000
0501705000,051705000,Buhi,Mun,,0501700000,0500000000
0501706000,051706000,Bula,Mun,,0501700000,0500000000
0501707000,051707000,Cabusao,Mun,,0501700000,0500000000
0501708000,051708000,Calabanga,Mun,,0501700000,0500000000
0501709000,051709000,Camaligan,Mun,,0501700000,0500000000
0501710000,051710000,Canaman,Mun,,0501700000,0500000000
0501711000,051711000,Caramoan,Mun,,0501700000,0500000000
0501712000,051712000,Del Gallego,Mun,,0501700000,0500000000
0501713000,051713000,Gainza,Mun,,0501700000,0500000000
0501714000,051714000,Garchitorena,Mun,,0501700000,0500000000
0501715000,051715000,Goa,Mun,,0501700000,0500000000
0501716000,051716000,Iriga City,City,CC,0501700000,0500000000
0501717000,051717000,Lagonoy,Mun,,0501700000,0500000000
0501731000,051731000,Sagñay,Mun,,0501700000,0500000000
0501732000,051732000,San Fernando,Mun,,0501700000,0500000000
0501733000,051733000,San Jose,Mun,,0501700000,0500000000
0501734000,051734000,Sipocot,Mun,,0501700000,0500000000
0501735000,051735000,Siruma,Mun,,0501700000,0500000000
0501736000,051736000,Tigaon,Mun,,0501700000,0500000000
0501737000,051737000,Tinambac,Mun,,0501700000,0500000000
0502001000,052001000,Bagamanoc,Mun,,0502000000,0500000000
0502002000,052002000,Baras,Mun,,0502000000,0500000000
0502003000,052003000,Bato,Mun,,0502000000,0500000000
0502004000,052004000,Caramoran,Mun,,0502000000,0500000000
0502005000,052005000,Gigmoto,Mun,,0502000000,0500000000
0502006000,052006000,Pandan,Mun,,0502000000,0500000000
0502007000,052007000,Panganiban,Mun,,0502000000,0500000000
0502008000,052008000,San Andres,Mun,,0502000000,0500000000
0502009000,052009000,San Miguel,Mun,,0502000000,0500000000
0502010000,052010000,Viga,Mun,,0502000000,0500000000
0502011000,052011000,Virac,Mun,,0502000000,0500000000
0504101000,054101000,Aroroy,Mun,,0504100000,0500000000
0504102000,054102000,Baleno,Mun,,0504100000,0500000000
0504103000,054103000,Balud,Mun,,0504100000,0500000000
0504104000,054104000,Batuan,Mun,,0504100000,0500000000
0504105000,054105000,Cataingan,Mun,,0504100000,0500000000
0504106000,054106000,Cawayan,Mun,,0504100000,0500000000
0504107000,054107000,Claveria,Mun,,0504100000,0500000000
0504108000,054108000,Dimasalang,Mun,,0504100000,0500000000
0504109000,054109000,Esperanza,Mun,,0504100000,0500000000
0504110000,054110000,Mandaon,Mun,,0504100000,0500000000
0504111000,054111000,City of Masbate,City,CC,0504100000,0500000000
0504112000,054112000,Milagros,Mun,,0504100000,0500000000
0504113000,054113000,Mobo,Mun,,0504100000,0500000000
0504114000,054114000,Monreal,Mun,,0504100000,0500000000
0504115000,054115000,Palanas,Mun,,0504100000,0500000000
0504116000,054116000,Pio V. Corpuz,Mun,,0504100000,0500000000
0504117000,054117000,Placer,Mun,,0504100000,0500000000
0504118000,054118000,San Fernando,Mun,,0504100000,0500000000
0504119000,054119000,San Jacinto,Mun,,0504100000,0500000000
0504120000,054120000,San Pascual,Mun,,0504100000,0500000000
0504121000,054121000,Uson,Mun,,0504100000,0500000000
0506202000,056202000,Barcelona,Mun,,0506200000,0500000000
0506203000,056203000,Bulan,Mun,,0506200000,0500000000
0506204000,056204000,Bulusan,Mun,,0506200000,0500000000
0506205000,056205000,Casiguran,Mun,,0506200000,0500000000
0506206000,056206000,Castilla,Mun,,0506200000,0500000000
0506207000,056207000,Donsol,Mun,,0506200000,0500000000
0506208000,056208000,Gubat,Mun,,0506200000,0500000000
0506209000,056209000,Irosin,Mun,,0506200000,0500000000
0506210000,056210000,Juban,Mun,,0506200000,0500000000
0506211000,056211000,Magallanes,Mun,,0506200000,0500000000
0506212000,056212000,Matnog,Mun,,0506200000,0500000000
0506213000,056213000,Pilar,Mun,,0506200000,0500000000
0506214000,056214000,Prieto Diaz,Mun,,0506200000,0500000000
0506215000,056215000,Santa Magdalena,Mun,,0506200000,0500000000
0506216000,056216000,City of Sorsogon,City,CC,0506200000,0500000000
0600401000,060401000,Altavas,Mun,,0600400000,0600000000
0600402000,060402000,Balete,Mun,,0600400000,0600000000
0600403000,060403000,Banga,Mun,,0600400000,0600000000
0600404000,060404000,Batan,Mun,,0600400000,0600000000
0600405000,060405000,Buruanga,Mun,,0600400000,0600000000
0600406000,060406000,Ibajay,Mun,,0600400000,0600000000
0600407000,060407000,Kalibo,Mun,,0600400000,0600000000
0600408000,060408000,Lezo,Mun,,0600400000,0600000000
0600409000,060409000,Libacao,Mun,,0600400000,0600000000
0600410000,060410000,Madalag,Mun,,0600400000,0600000000
0600411000,060411000,Makato,Mun,,0600400000,0600000000
0600412000,060412000,Malay,Mun,,0600400000,0600000000
0600413000,060413000,Malinao,Mun,,0600400000,0600000000
0600414000,060414000,Nabas,Mun,,0600400000,0600000000
0600415000,060415000,New Washington,Mun,,0600400000,0600000000
0600416000,060416000,Numancia,Mun,,0600400000,0600000000
0600417000,060417000,Tangalan,Mun,,0600400000,0600000000
0600601000,060601000,Anini-Y,Mun,,0600600000,0600000000
0600602000,060602000,Barbaza,Mun,,0600600000,0600000000
0600603000,060603000,Belison,Mun,,0600600000,0600000000
0600604000,060604000,Bugasong,Mun,,0600600000,0600000000
0600605000,060605000,Caluya,Mun,,0600600000,0600000000
0600606000,060606000,Culasi,Mun,,0600600000,0600000000
0600607000,060607000,Tobias Fornier,Mun,,0600600000,0600000000
0600608000,060608000,Hamtic,Mun,,0600600000,0600000000
0600609000,060609000,Laua-An,Mun,,0600600000,0600000000
0600610000,060610000,Libertad,Mun,,0600600000,0600000000
0600611000,060611000,Pandan,Mun,,0600600000,0600000000
0600612000,060612000,Patnongon,Mun,,0600600000,0600000000
0600613000,060613000,San Jose,Mun,,0600600000,0600000000
0600614000,060614000,San Remigio,Mun,,0600600000,0600000000
0600615000,060615000,Sebaste,Mun,,0600600000,0600000000
0600616000,060616000,Sibalom,Mun,,0600600000,0600000000
0600617000,060617000,Tibiao,Mun,,0600600000,0600000000
0600618000,060618000,Valderrama,Mun,,0600600000,0600000000
0601901000,061901000,Cuartero,Mun,,0601900000,0600000000
0601902000,061902000,Dao,Mun,,0601900000,0600000000
0601903000,061903000,Dumalag,Mun,,0601900000,0600000000
0601904000,061904000,Dumarao,Mun,,0601900000,0600000000
0601905000,061905000,Ivisan,Mun,,0601900000,0600000000
0601906000,061906000,Jamindan,Mun,,0601900000,0600000000
0601907000,061907000,Ma-Ayon,Mun,,0601900000,0600000000
0601908000,061908000,Mambusao,Mun,,0601900000,0600000000
0601909000,061909000,Panay,Mun,,0601900000,0600000000
0601910000,061910000,Panitan,Mun,,0601900000,0600000000
0601911000,061911000,Pilar,Mun,,0601900000,0600000000
0601912000,061912000,Pontevedra,Mun,,0601900000,0600000000
0601913000,061913000,President Roxas,Mun,,0601900000,0600000000
0601914000,061914000,Roxas City,City,CC,0601900000,0600000000
0601915000,061915000,Sapi-An,Mun,,0601900000,0600000000
0601916000,061916000,Sigma,Mun,,0601900000,0600000000
0601917000,061917000,Tapaz,Mun,,0601900000,0600000000
0603001000,063001000,Ajuy,Mun,,0603000000,0600000000
0603002000,063002000,Alimodian,Mun,,0603000000,0600000000
0603003000,063003000,Anilao,Mun,,0603000000,0600000000
0603004000,063004000,Badiangan,Mun,,0603000000,0600000000
0603005000,063005000,Balasan,Mun,,0603000000,0600000000
0603006000,063006000,Banate,Mun,,0603000000,0600000000
0603007000,063007000,Barotac Nuevo,Mun,,0603000000,0600000000
0603008000,063008000,Barotac Viejo,Mun,,0603000000,0600000000
0603009000,063009000,Batad,Mun,,0603000000,0600000000
0603010000,063010000,Bingawan,Mun,,0603000000,0600000000
0603012000,063012000,Cabatuan,Mun,,0603000000,0600000000
0603013000,063013000,Calinog,Mun,,0603000000,0600000000
0603014000,063014000,Carles,Mun,,0603000000,0600000000
0603015000,063015000,Concepcion,Mun,,0603000000,0600000000
0603016000,063016000,Dingle,Mun,,0603000000,0600000000
0603017000,063017000,Dueñas,Mun,,0603000000,0600000000
0603018000,063018000,Dumangas,Mun,,0603000000,0600000000
0603019000,063019000,Estancia,Mun,,0603000000,0600000000
0603020000,063020000,Guimbal,Mun,,0603000000,0600000000
0603021000,063021000,Igbaras,Mun,,0603000000,0600000000
0631000000,063022000,Iloilo City,City,HUC,0603000000,0600000000
0603023000,063023000,Janiuay,Mun,,0603000000,0600000000
0603025000,063025000,Lambunao,Mun,,0603000000,0600000000
0603026000,063026000,Leganes,Mun,,0603000000,0600000000
0603027000,063027000,Lemery,Mun,,0603000000,0600000000
0603028000,063028000,Leon,Mun,,0603000000,0600000000
0603029000,063029000,Maasin,Mun,,0603000000,0600000000
0603030000,063030000,Miagao,Mun,,0603000000,0600000000
0603031000,063031000,Mina,Mun,,0603000000,0600000000
0603032000,063032000,New Lucena,Mun,,0603000000,0600000000
0603034000,063034000,Oton,Mun,,0603000000,0600000000
0603035000,063035000,City of Passi,City,CC,0603000000,0600000000
0603036000,063036000,Pavia,Mun,,0603000000,0600000000
0603037000,063037000,Pototan,Mun,,0603000000,0600000000
0603038000,063038000,San Dionisio,Mun,,0603000000,0600000000
0603039000,063039000,San Enrique,Mun,,0603000000,0600000000
0603040000,063040000,San Joaquin,Mun,,0603000000,0600000000
0603041000,063041000,San Miguel,Mun,,0603000000,0600000000
0603042000,063042000,San Rafael,Mun,,0603000000,0600000000
0603043000,063043000,Santa Barbara,Mun,,0603000000,0600000000
0603044000,063044000,Sara,Mun,,0603000000,0600000000
0603045000,063045000,Tigbauan,Mun,,0603000000,0600000000
0603046000,063046000,Tubungan,Mun,,0603000000,0600000000
0603047000,063047000,Zarraga,Mun,,0603000000,0600000000
0607901000,067901000,Buenavista,Mun,,0607900000,0600000000
0607902000,067902000,Jordan,Mun,,0607900000,0600000000
0607903000,067903000,Nueva Valencia,Mun,,0607900000,0600000000
0607904000,067904000,San Lorenzo,Mun,,0607900000,0600000000
0607905000,067905000,Sibunag,Mun,,0607900000,0600000000
0701201000,071201000,Alburquerque,Mun,,0701200000,0700000000
0701202000,071202000,Alicia,Mun,,0701200000,0700000000
0701203000,071203000,Anda,Mun,,0701200000,0700000000
0701204000,071204000,Antequera,Mun,,0701200000,0700000000
0701205000,071205000,Baclayon,Mun,,0701200000,0700000000
0701206000,071206000,Balilihan,Mun,,0701200000,0700000000
0701207000,071207000,Batuan,Mun,,0701200000,0700000000
0701208000,071208000,Bilar,Mun,,0701200000,0700000000
0701209000,071209000,Buenavista,Mun,,0701200000,0700000000
0701210000,071210000,Calape,Mun,,0701200000,0700000000
0701211000,071211000,Candijay,Mun,,0701200000,0700000000
0701212000,071212000,Carmen,Mun,,0701200000,0700000000
0701213000,071213000,Catigbian,Mun,,0701200000,0700000000
0701214000,071214000,Clarin,Mun,,0701200000,0700000000
0701215000,071215000,Corella,Mun,,0701200000,0700000000
0701216000,071216000,Cortes,Mun,,0701200000,0700000000
0701217000,071217000,Dagohoy,Mun,,0701200000,0700000000
0701218000,071218000,Danao,Mun,,0701200000,0700000000
0701219000,071219000,Dauis,Mun,,0701200000,0700000000
0701220000,071220000,Dimiao,Mun,,0701200000,0700000000
0701221000,071221000,Duero,Mun,,0701200000,0700000000
0701222000,071222000,Garcia Hernandez,Mun,,0701200000,0700000000
0701223000,071223000,Guindulman,Mun,,0701200000,0700000000
0701224000,071224000,Inabanga,Mun,,0701200000,0700000000
0701225000,071225000,Jagna,Mun,,0701200000,0700000000
0701226000,071226000,Getafe,Mun,,0701200000,0700000000
0701227000,071227000,Lila,Mun,,0701200000,0700000000
0701228000,071228000,Loay,Mun,,0701200000,0700000000
0701229000,071229000,Loboc,Mun,,0701200000,0700000000
0701230000,071230000,Loon,Mun,,0701200000,0700000000
0701231000,071231000,Mabini,Mun,,0701200000,0700000000
0701232000,071232000,Maribojoc,Mun,,0701200000,0700000000
0701233000,071233000,Panglao,Mun,,0701200000,0700000000
0701234000,071234000,Pilar,Mun,,0701200000,0700000000
0701235000,071235000,Pres. Carlos P. Garcia,Mun,,0701200000,0700000000
0701236000,071236000,Sagbayan,Mun,,0701200000,0700000000
0701237000,071237000,San Isidro,Mun,,0701200000,0700000000
0701238000,071238000,San Miguel,Mun,,0701200000,0700000000
0701239000,071239000,Sevilla,Mun,,0701200000,0700000000
0701240000,071240000,Sierra Bullones,Mun,,0701200000,0700000000
0701241000,071241000,Sikatuna,Mun,,0701200000,0700000000
0701242000,071242000,Tagbilaran City,City,CC,0701200000,0700000000
0701243000,071243000,Talibon,Mun,,0701200000,0700000000
0701244000,071244000,Trinidad,Mun,,0701200000,0700000000
0701245000,071245000,Tubigon,Mun,,0701200000,0700000000
0701246000,071246000,Ubay,Mun,,0701200000,0700000000
0701247000,071247000,Valencia,Mun,,0701200000,0700000000
0701248000,071248000,Bien Unido,Mun,,0701200000,0700000000
0702201000,072201000,Alcantara,Mun,,0702200000,0700000000
0702202000,072202000,Alcoy,Mun,,0702200000,0700000000
0702203000,072203000,Alegria,Mun,,0702200000,0700000000
0702204000,072204000,Aloguinsan,Mun,,0702200000,0700000000
0702205000,072205000,Argao,Mun,,0702200000,0700000000
0702206000,072206000,Asturias,Mun,,0702200000,0700000000
0702207000,072207000,Badian,Mun,,0702200000,0700000000
0702208000,072208000,Balamban,Mun,,0702200000,0700000000
0702209000,072209000,Bantayan,Mun,,0702200000,0700000000
0702210000,072210000,Barili,Mun,,0702200000,0700000000
0702211000,072211000,City of Bogo,City,CC,0702200000,0700000000
0702212000,072212000,Boljoon,Mun,,0702200000,0700000000
0702213000,072213000,Borbon,Mun,,0702200000,0700000000
0702214000,072214000,City of Carcar,City,CC,0702200000,0700000000
0702215000,072215000,Carmen,Mun,,0702200000,0700000000
0702216000,072216000,Catmon,Mun,,0702200000,0700000000
0730600000,072217000,Cebu City,City,HUC,0702200000,0700000000
0702218000,072218000,Compostela,Mun,,0702200000,0700000000
0702219000,072219000,Consolacion,Mun,,0702200000,0700000000
0702220000,072220000,Cordova,Mun,,0702200000,0700000000
0702221000,072221000,Daanbantayan,Mun,,0702200000,0700000000
0702222000,072222000,Dalaguete,Mun,,0702200000,0700000000
0702223000,072223000,Danao City,City,CC,0702200000,0700000000
0702224000,072224000,Dumanjug,Mun,,0702200000,0700000000
0702225000,072225000,Ginatilan,Mun,,0702200000,0700000000
0731100000,072226000,Lapu-Lapu City,City,HUC,0702200000,0700000000
0702227000,072227000,Liloan,Mun,,0702200000,0700000000
0702228000,072228000,Madridejos,Mun,,0702200000,0700000000
0702229000,072229000,Malabuyoc,Mun,,0702200000,0700000000
0731300000,072230000,Mandaue City,City,HUC,0702200000,0700000000
0702231000,072231000,Medellin,Mun,,0702200000,0700000000
0702232000,072232000,Minglanilla,Mun,,0702200000,0700000000
0702233000,072233000,Moalboal,Mun,,0702200000,0700000000
0702234000,072234000,City of Naga,City,CC,0702200000,0700000000
0702235000,072235000,Oslob,Mun,,0702200000,0700000000
0702236000,072236000,Pilar,Mun,,0702200000,0700000000
0702237000,072237000,Pinamungahan,Mun,,0702200000,0700000000
0702238000,072238000,Poro,Mun,,0702200000,0700000000
0702239000,072239000,Ronda,Mun,,0702200000,0700000000
0702240000,072240000,Samboan,Mun,,0702200000,0700000000
0702241000,072241000,San Fernando,Mun,,0702200000,0700000000
0702242000,072242000,San Francisco,Mun,,0702200000,0700000000
0702243000,072243000,San Remigio,Mun,,0702200000,0700000000
0702244000,072244000,Santa Fe,Mun,,0702200000,0700000000
0702245000,072245000,Santander,Mun,,0702200000,0700000000
0702246000,072246000,Sibonga,Mun,,0702200000,0700000000
0702247000,072247000,Sogod,Mun,,0702200000,0700000000
0702248000,072248000,Tabogon,Mun,,0702200000,0700000000
0702249000,072249000,Tabuelan,Mun,,0702200000,0700000000
0702250000,072250000,City of Talisay,City,CC,0702200000,0700000000
0702251000,072251000,Toledo City,City,CC,0702200000,0700000000
0702252000,072252000,Tuburan,Mun,,0702200000,0700000000
0702253000,072253000,Tudela,Mun,,0702200000,0700000000
1806101000,076101000,Enrique Villanueva,Mun,,1806100000,0700000000
1806102000,076102000,Larena,Mun,,1806100000,0700000000
1806103000,076103000,Lazi,Mun,,1806100000,0700000000
1806104000,076104000,Maria,Mun,,1806100000,0700000000
1806105000,076105000,San Juan,Mun,,1806100000,0700000000
1806106000,076106000,Siquijor,Mun,,1806100000,0700000000
0802601000,082601000,Arteche,Mun,,0802600000,0800000000
0802602000,082602000,Balangiga,Mun,,0802600000,0800000000
0802603000,082603000,Balangkayan,Mun,,0802600000,0800000000
0802604000,082604000,City of Borongan,City,CC,0802600000,0800000000
0802605000,082605000,Can-Avid,Mun,,0802600000,0800000000
0802606000,082606000,Dolores,Mun,,0802600000,0800000000
0802607000,082607000,General Macarthur,Mun,,0802600000,0800000000
0802608000,082608000,Giporlos,Mun,,0802600000,0800000000
0802609000,082609000,Guiuan,Mun,,0802600000,0800000000
0802610000,082610000,Hernani,Mun,,0802600000,0800000000
0802611000,082611000,Jipapad,Mun,,0802600000,0800000000
0802612000,082612000,Lawaan,Mun,,0802600000,0800000000
0802613000,082613000,Llorente,Mun,,0802600000,0800000000
0802614000,082614000,Maslog,Mun,,0802600000,0800000000
0802615000,082615000,Maydolong,Mun,,0802600000,0800000000
0802616000,082616000,Mercedes,Mun,,0802600000,0800000000
0802617000,082617000,Oras,Mun,,0802600000,0800000000
0802618000,082618000,Quinapondan,Mun,,0802600000,0800000000
0802619000,082619000,Salcedo,Mun,,0802600000,0800000000
0802620000,082620000,San Julian,Mun,,0802600000,0800000000
0802621000,082621000,San Policarpo,Mun,,0802600000,0800000000
0802622000,082622000,Sulat,Mun,,0802600000,0800000000
0802623000,082623000,Taft,Mun,,0802600000,0800000000
0803701000,083701000,Abuyog,Mun,,0803700000,0800000000
0803702000,083702000,Alangalang,Mun,,0803700000,0800000000
0803703000,083703000,Albuera,Mun,,0803700000,0800000000
0803705000,083705000,Babatngon,Mun,,0803700000,0800000000
0803706000,083706000,Barugo,Mun,,0803700000,0800000000
0803707000,083707000,Bato,Mun,,0803700000,0800000000
0803708000,083708000,City of Baybay,City,CC,0803700000,0800000000
0803710000,083710000,Burauen,Mun,,0803700000,0800000000
0803713000,083713000,Calubian,Mun,,0803700000,0800000000
0803714000,083714000,Capoocan,Mun,,0803700000,0800000000
0803715000,083715000,Carigara,Mun,,0803700000,0800000000
0803717000,083717000,Dagami,Mun,,0803700000,0800000000
0803718000,083718000,Dulag,Mun,,0803700000,0800000000
0803719000,083719000,Hilongos,Mun,,0803700000,0800000000
0803720000,083720000,Hindang,Mun,,0803700000,0800000000
0803721000,083721000,Inopacan,Mun,,0803700000,0800000000
0803722000,083722000,Isabel,Mun,,0803700000,0800000000
0803723000,083723000,Jaro,Mun,,0803700000,0800000000
0803724000,083724000,Javier,Mun,,0803700000,0800000000
0803725000,083725000,Julita,Mun,,0803700000,0800000000
0803726000,083726000,Kananga,Mun,,0803700000,0800000000
0803728000,083728000,La Paz,Mun,,0803700000,0800000000
0803729000,083729000,Leyte,Mun,,0803700000,0800000000
0803730000,083730000,Macarthur,Mun,,0803700000,0800000000
0803731000,083731000,Mahaplag,Mun,,0803700000,0800000000
0803733000,083733000,Matag-Ob,Mun,,0803700000,0800000000
0803734000,083734000,Matalom,Mun,,0803700000,0800000000
0803735000,083735000,Mayorga,Mun,,0803700000,0800000000
0803736000,083736000,Merida,Mun,,0803700000,0800000000
0803738000,083738000,Ormoc City,City,ICC,0803700000,0800000000
0803739000,083739000,Palo,Mun,,0803700000,0800000000
0803740000,083740000,Palompon,Mun,,0803700000,0800000000
0803741000,083741000,Pastrana,Mun,,0803700000,0800000000
0803742000,083742000,San Isidro,Mun,,0803700000,0800000000
0803743000,083743000,San Miguel,Mun,,0803700000,0800000000
0803744000,083744000,Santa Fe,Mun,,0803700000,0800000000
0803745000,083745000,Tabango,Mun,,0803700000,0800000000
0803746000,083746000,Tabontabon,Mun,,0803700000,0800000000
0831600000,083747000,Tacloban City,City,HUC,0803700000,0800000000
0803748000,083748000,Tanauan,Mun,,0803700000,0800000000
0803749000,083749000,Tolosa,Mun,,0803700000,0800000000
0803750000,083750000,Tunga,Mun,,0803700000,0800000000
0803751000,083751000,Villaba,Mun,,0803700000,0800000000
0804801000,084801000,Allen,Mun,,0804800000,0800000000
0804802000,084802000,Biri,Mun,,0804800000,0800000000
0804803000,084803000,Bobon,Mun,,0804800000,0800000000
0804804000,084804000,Capul,Mun,,0804800000,0800000000
0804805000,084805000,Catarman,Mun,,0804800000,0800000000
0804806000,084806000,Catubig,Mun,,0804800000,0800000000
0804807000,084807000,Gamay,Mun,,0804800000,0800000000
0804808000,084808000,Laoang,Mun,,0804800000,0800000000
0804809000,084809000,Lapinig,Mun,,0804800000,0800000000
0804810000,084810000,Las Navas,Mun,,0804800000,0800000000
0804811000,084811000,Lavezares,Mun,,0804800000,0800000000
0804812000,084812000,Mapanas,Mun,,0804800000,0800000000
0804813000,084813000,Mondragon,Mun,,0804800000,0800000000
0804814000,084814000,Palapag,Mun,,0804800000,0800000000
0804815000,084815000,Pambujan,Mun,,0804800000,0800000000
0804816000,084816000,Rosario,Mun,,0804800000,0800000000
0804817000,084817000,San Antonio,Mun,,0804800000,0800000000
0804818000,084818000,San Isidro,Mun,,0804800000,0800000000
0804819000,084819000,San Jose,Mun,,0804800000,0800000000
0804820000,084820000,San Roque,Mun,,0804800000,0800000000
0804821000,084821000,San Vicente,Mun,,0804800000,0800000000
0804822000,084822000,Silvino Lobos,Mun,,0804800000,0800000000
0804823000,084823000,Victoria,Mun,,0804800000,0800000000
0804824000,084824000,Lope de Vega,Mun,,0804800000,0800000000
0806001000,086001000,Almagro,Mun,,0806000000,0800000000
0806002000,086002000,Basey,Mun,,0806000000,0800000000
0806003000,086003000,Calbayog City,City,CC,0806000000,0800000000
0806004000,086004000,Calbiga,Mun,,0806000000,0800000000
0806005000,086005000,City of Catbalogan,City,CC,0806000000,0800000000
0806006000,086006000,Daram,Mun,,0806000000,0800000000
0806007000,086007000,Gandara,Mun,,0806000000,0800000000
0806008000,086008000,Hinabangan,Mun,,0806000000,0800000000
0806009000,086009000,Jiabong,Mun,,0806000000,0800000000
0806010000,086010000,Marabut,Mun,,0806000000,0800000000
0806011000,086011000,Matuguinao,Mun,,0806000000,0800000000
0806012000,086012000,Motiong,Mun,,0806000000,0800000000
0806013000,086013000,Pinabacdao,Mun,,0806000000,0800000000
0806014000,086014000,San Jose de Buan,Mun,,0806000000,0800000000
0806015000,086015000,San Sebastian,Mun,,0806000000,0800000000
0806016000,086016000,Santa Margarita,Mun,,0806000000,0800000000
0806017000,086017000,Santa Rita,Mun,,0806000000,0800000000
0806018000,086018000,Santo Niño,Mun,,0806000000,0800000000
0806019000,086019000,Talalora,Mun,,0806000000,0800000000
0806020000,086020000,Tarangnan,Mun,,0806000000,0800000000
0806021000,086021000,Villareal,Mun,,0806000000,0800000000
0806022000,086022000,Paranas,Mun,,0806000000,0800000000
0806023000,086023000,Zumarraga,Mun,,0806000000,0800000000
0806024000,086024000,Tagapul-An,Mun,,0806000000,0800000000
0806025000,086025000,San Jorge,Mun,,0806000000,0800000000
0806026000,086026000,Pagsanghan,Mun,,0806000000,0800000000
0806401000,086401000,Anahawan,Mun,,0806400000,0800000000
0806402000,086402000,Bontoc,Mun,,0806400000,0800000000
0806403000,086403000,Hinunangan,Mun,,0806400000,0800000000
0806404000,086404000,Hinundayan,Mun,,0806400000,0800000000
0806405000,086405000,Libagon,Mun,,0806400000,0800000000
0806406000,086406000,Liloan,Mun,,0806400000,0800000000
0806407000,086407000,City of Maasin,City,CC,0806400000,0800000000
0806408000,086408000,Macrohon,Mun,,0806400000,0800000000
0806409000,086409000,Malitbog,Mun,,0806400000,0800000000
0806410000,086410000,Padre Burgos,Mun,,0806400000,0800000000
0806411000,086411000,Pintuyan,Mun,,0806400000,0800000000
0806412000,086412000,Saint Bernard,Mun,,0806400000,0800000000
0806413000,086413000,San Francisco,Mun,,0806400000,0800000000
0806414000,086414000,San Juan,Mun,,0806400000,0800000000
0806415000,086415000,San Ricardo,Mun,,0806400000,0800000000
0806416000,086416000,Silago,Mun,,0806400000,0800000000
0806417000,086417000,Sogod,Mun,,0806400000,0800000000
0806418000,086418000,Tomas Oppus,Mun,,0806400000,0800000000
0806419000,086419000,Limasawa,Mun,,0806400000,0800000000
0807801000,087801000,Almeria,Mun,,0807800000,0800000000
0807802000,087802000,Biliran,Mun,,0807800000,0800000000
0807803000,087803000,Cabucgayan,Mun,,0807800000,0800000000
0807804000,087804000,Caibiran,Mun,,0807800000,0800000000
0807805000,087805000,Culaba,Mun,,0807800000,0800000000
0807806000,087806000,Kawayan,Mun,,0807800000,0800000000
0807807000,087807000,Maripipi,Mun,,0807800000,0800000000
0807808000,087808000,Naval,Mun,,0807800000,0800000000
0907201000,097201000,Dapitan City,City,CC,0907200000,0900000000
0907202000,097202000,Dipolog City,City,CC,0907200000,0900000000
0907203000,097203000,Katipunan,Mun,,0907200000,0900000000
0907204000,097204000,La Libertad,Mun,,0907200000,0900000000
0907205000,097205000,Labason,Mun,,0907200000,0900000000
0907206000,097206000,Liloy,Mun,,0907200000,0900000000
0907207000,097207000,Manukan,Mun,,0907200000,0900000000
0907208000,097208000,Mutia,Mun,,0907200000,0900000000
0907209000,097209000,Piñan,Mun,,0907200000,0900000000
0907210000,097210000,Polanco,Mun,,0907200000,0900000000
0907211000,097211000,Pres. Manuel A. Roxas,Mun,,0907200000,0900000000
0907212000,097212000,Rizal,Mun,,0907200000,0900000000
0907213000,097213000,Salug,Mun,,0907200000,0900000000
0907214000,097214000,Sergio Osmeña Sr.,Mun,,0907200000,0900000000
0907215000,097215000,Siayan,Mun,,0907200000,0900000000
0907216000,097216000,Sibuco,Mun,,0907200000,0900000000
0907217000,097217000,Sibutad,Mun,,0907200000,0900000000
0907218000,097218000,Sindangan,Mun,,0907200000,0900000000
0907219000,097219000,Siocon,Mun,,0907200000,0900000000
0907220000,097220000,Sirawai,Mun,,0907200000,0900000000
0907221000,097221000,Tampilisan,Mun,,0907200000,0900000000
0907222000,097222000,Jose Dalman,Mun,,0907200000,0900000000
0907223000,097223000,Gutalac,Mun,,0907200000,0900000000
0907224000,097224000,Baliguian,Mun,,0907200000,0900000000
0907225000,097225000,Godod,Mun,,0907200000,0900000000
0907226000,097226000,Bacungan,Mun,,0907200000,0900000000
0907227000,097227000,Kalawit,Mun,,0907200000,0900000000
0907302000,097302000,Aurora,Mun,,0907300000,0900000000
0907303000,097303000,Bayog,Mun,,0907300000,0900000000
0907305000,097305000,Dimataling,Mun,,0907300000,0900000000
0907306000,097306000,Dinas,Mun,,0907300000,0900000000
0907307000,097307000,Dumalinao,Mun,,0907300000,0900000000
0907308000,097308000,Dumingag,Mun,,0907300000,0900000000
0907311000,097311000,Kumalarang,Mun,,0907300000,0900000000
0907312000,097312000,Labangan,Mun,,0907300000,0900000000
0907313000,097313000,Lapuyan,Mun,,0907300000,0900000000
0907315000,097315000,Mahayag,Mun,,0907300000,0900000000
0907317000,097317000,Margosatubig,Mun,,0907300000,0900000000
0907318000,097318000,Midsalip,Mun,,0907300000,0900000000
0907319000,097319000,Molave,Mun,,0907300000,0900000000
0907322000,097322000,Pagadian City,City,CC,0907300000,0900000000
0907323000,097323000,Ramon Magsaysay,Mun,,0907300000,0900000000
0907324000,097324000,San Miguel,Mun,,0907300000,0900000000
0907325000,097325000,San Pablo,Mun,,0907300000,0900000000
0907327000,097327000,Tabina,Mun,,0907300000,0900000000
0907328000,097328000,Tambulig,Mun,,0907300000,0900000000
0907330000,097330000,Tukuran,Mun,,0907300000,0900000000
0931700000,097332000,Zamboanga City,City,HUC,0907300000,0900000000
0907333000,097333000,Lakewood,Mun,,0907300000,0900000000
0907337000,097337000,Josefina,Mun,,0907300000,0900000000
0907338000,097338000,Pitogo,Mun,,0907300000,0900000000
0907340000,097340000,Sominot,Mun,,0907300000,0900000000
0907341000,097341000,Vincenzo A. Sagun,Mun,,0907300000,0900000000
0907343000,097343000,Guipos,Mun,,0907300000,0900000000
0907344000,097344000,Tigbao,Mun,,0907300000,0900000000
0908301000,098301000,Alicia,Mun,,0908300000,0900000000
0908302000,098302000,Buug,Mun,,0908300000,0900000000
0908303000,098303000,Diplahan,Mun,,0908300000,0900000000
0908304000,098304000,Imelda,Mun,,0908300000,0900000000
0908305000,098305000,Ipil,Mun,,0908300000,0900000000
0908306000,098306000,Kabasalan,Mun,,0908300000,0900000000
0908307000,098307000,Mabuhay,Mun,,0908300000,0900000000
0908308000,098308000,Malangas,Mun,,0908300000,0900000000
0908309000,098309000,Naga,Mun,,0908300000,0900000000
0908310000,098310000,Olutanga,Mun,,0908300000,0900000000
0908311000,098311000,Payao,Mun,,0908300000,0900000000
0908312000,098312000,Roseller Lim,Mun,,0908300000,0900000000
1001305000,101305000,Impasug-Ong,Mun,,1001300000,1000000000
1001306000,101306000,Kadingilan,Mun,,1001300000,1000000000
1001307000,101307000,Kalilangan,Mun,,1001300000,1000000000
1001309000,101309000,Kitaotao,Mun,,1001300000,1000000000
1001310000,101310000,Lantapan,Mun,,1001300000,1000000000
1001311000,101311000,Libona,Mun,,1001300000,1000000000
1001312000,101312000,City of Malaybalay,City,CC,1001300000,1000000000
1001313000,101313000,Malitbog,Mun,,1001300000,1000000000
1001314000,101314000,Manolo Fortich,Mun,,1001300000,1000000000
1001315000,101315000,Maramag,Mun,,1001300000,1000000000
1001316000,101316000,Pangantucan,Mun,,1001300000,1000000000
1001317000,101317000,Quezon,Mun,,1001300000,1000000000
1001318000,101318000,San Fernando,Mun,,1001300000,1000000000
1001319000,101319000,Sumilao,Mun,,1001300000,1000000000
1001320000,101320000,Talakag,Mun,,1001300000,1000000000
1001321000,101321000,City of Valencia,City,CC,1001300000,1000000000
1001322000,101322000,Cabanglasan,Mun,,1001300000,1000000000
1001801000,101801000,Catarman,Mun,,1001800000,1000000000
1001802000,101802000,Guinsiliban,Mun,,1001800000,1000000000
1001803000,101803000,Mahinog,Mun,,1001800000,1000000000
1001804000,101804000,Mambajao,Mun,,1001800000,1000000000
1001805000,101805000,Sagay,Mun,,1001800000,1000000000
1003501000,103501000,Bacolod,Mun,,1003500000,1000000000
1003502000,103502000,Baloi,Mun,,1003500000,1000000000
1003503000,103503000,Baroy,Mun,,1003500000,1000000000
1030900000,103504000,Iligan City,City,HUC,1003500000,1000000000
1003505000,103505000,Kapatagan,Mun,,1003500000,1000000000
1003506000,103506000,Sultan Naga Dimaporo,Mun,,1003500000,1000000000
1003507000,103507000,Kauswagan,Mun,,1003500000,1000000000
1003508000,103508000,Kolambugan,Mun,,1003500000,1000000000
1003509000,103509000,Lala,Mun,,1003500000,1000000000
1003510000,103510000,Linamon,Mun,,1003500000,1000000000
1003511000,103511000,Magsaysay,Mun,,1003500000,1000000000
1003512000,103512000,Maigo,Mun,,1003500000,1000000000
1003513000,103513000,Matungao,Mun,,1003500000,1000000000
1003514000,103514000,Munai,Mun,,1003500000,1000000000
1003515000,103515000,Nunungan,Mun,,1003500000,1000000000
1003516000,103516000,Pantao Ragat,Mun,,1003500000,1000000000
1003517000,103517000,Poona Piagapo,Mun,,1003500000,1000000000
1003518000,103518000,Salvador,Mun,,1003500000,1000000000
1003519000,103519000,Sapad,Mun,,1003500000,1000000000
1003520000,103520000,Tagoloan,Mun,,1003500000,1000000000
1003521000,103521000,Tangcal,Mun,,1003500000,1000000000
1003522000,103522000,Tubod,Mun,,1003500000,1000000000
1003523000,103523000,Pantar,Mun,,1003500000,1000000000
1004201000,104201000,Aloran,Mun,,1004200000,1000000000
1004202000,104202000,Baliangao,Mun,,1004200000,1000000000
1004203000,104203000,Bonifacio,Mun,,1004200000,1000000000
1004204000,104204000,Calamba,Mun,,1004200000,1000000000
1004205000,104205000,Clarin,Mun,,1004200000,1000000000
1004206000,104206000,Concepcion,Mun,,1004200000,1000000000
1004207000,104207000,Jimenez,Mun,,1004200000,1000000000
1004208000,104208000,Lopez Jaena,Mun,,1004200000,1000000000
1004209000,104209000,Oroquieta City,City,CC,1004200000,1000000000
1004210000,104210000,Ozamis City,City,CC,1004200000,1000000000
1004211000,104211000,Panaon,Mun,,1004200000,1000000000
1004212000,104212000,Plaridel,Mun,,1004200000,1000000000
1004213000,104213000,Sapang Dalaga,Mun,,1004200000,1000000000
1004214000,104214000,Sinacaban,Mun,,1004200000,1000000000
1004215000,104215000,Tangub City,City,CC,1004200000,1000000000
1004216000,104216000,Tudela,Mun,,1004200000,1000000000
1004217000,104217000,Don Victoriano Chiongbian,Mun,,1004200000,1000000000
1004301000,104301000,Alubijid,Mun,,1004300000,1000000000
1004302000,104302000,Balingasag,Mun,,1004300000,1000000000
1004303000,104303000,Balingoan,Mun,,1004300000,1000000000
1004304000,104304000,Binuangan,Mun,,1004300000,1000000000
1030500000,104305000,Cagayan de Oro City,City,HUC,1004300000,1000000000
1004306000,104306000,Claveria,Mun,,1004300000,1000000000
1004307000,104307000,City of El Salvador,City,CC,1004300000,1000000000
1004308000,104308000,Gingoog City,City,CC,1004300000,1000000000
1004309000,104309000,Gitagum,Mun,,1004300000,1000000000
1004310000,104310000,Initao,Mun,,1004300000,1000000000
1004311000,104311000,Jasaan,Mun,,1004300000,1000000000
1004312000,104312000,Kinoguitan,Mun,,1004300000,1000000000
1004313000,104313000,Lagonglong,Mun,,1004300000,1000000000
1004314000,104314000,Laguindingan,Mun,,1004300000,1000000000
1004315000,104315000,Libertad,Mun,,1004300000,1000000000
1004316000,104316000,Lugait,Mun,,1004300000,1000000000
1004317000,104317000,Magsaysay,Mun,,1004300000,1000000000
1004318000,104318000,Manticao,Mun,,1004300000,1000000000
1004319000,104319000,Medina,Mun,,1004300000,1000000000
1004320000,104320000,Naawan,Mun,,1004300000,1000000000
1004321000,104321000,Opol,Mun,,1004300000,1000000000
1004322000,104322000,Salay,Mun,,1004300000,1000000000
1004323000,104323000,Sugbongcogon,Mun,,1004300000,1000000000
1004324000,104324000,Tagoloan,Mun,,1004300000,1000000000
1004325000,104325000,Talisayan,Mun,,1004300000,1000000000
1004326000,104326000,Villanueva,Mun,,1004300000,1000000000
1102301000,112301000,Asuncion,Mun,,1102300000,1100000000
1102303000,112303000,Carmen,Mun,,1102300000,1100000000
1102305000,112305000,Kapalong,Mun,,1102300000,1100000000
1102314000,112314000,New Corella,Mun,,1102300000,1100000000
1102315000,112315000,City of Panabo,City,CC,1102300000,1100000000
1102317000,112317000,Island Garden City of Samal,City,CC,1102300000,1100000000
1102318000,112318000,Santo Tomas,Mun,,1102300000,1100000000
1102319000,112319000,City of Tagum,City,CC,1102300000,1100000000
1102322000,112322000,Talaingod,Mun,,1102300000,1100000000
1102323000,112323000,Braulio E. Dujali,Mun,,1102300000,1100000000
1102324000,112324000,San Isidro,Mun,,1102300000,1100000000
1102401000,112401000,Bansalan,Mun,,1102400000,1100000000
1130700000,112402000,Davao City,City,HUC,1102400000,1100000000
1102403000,112403000,City of Digos,City,CC,1102400000,1100000000
1102404000,112404000,Hagonoy,Mun,,1102400000,1100000000
1102406000,112406000,Kiblawan,Mun,,1102400000,1100000000
1102407000,112407000,Magsaysay,Mun,,1102400000,1100000000
1102408000,112408000,Malalag,Mun,,1102400000,1100000000
1102410000,112410000,Matanao,Mun,,1102400000,1100000000
1102411000,112411000,Padada,Mun,,1102400000,1100000000
1102412000,112412000,Santa Cruz,Mun,,1102400000,1100000000
1102414000,112414000,Sulop,Mun,,1102400000,1100000000
1102501000,112501000,Baganga,Mun,,1102500000,1100000000
1102502000,112502000,Banaybanay,Mun,,1102500000,1100000000
1102503000,112503000,Boston,Mun,,1102500000,1100000000
1102504000,112504000,Caraga,Mun,,1102500000,1100000000
1102505000,112505000,Cateel,Mun,,1102500000,1100000000
1102506000,112506000,Governor Generoso,Mun,,1102500000,1100000000
1102507000,112507000,Lupon,Mun,,1102500000,1100000000
1102508000,112508000,Manay,Mun,,1102500000,1100000000
1102509000,112509000,City of Mati,City,CC,1102500000,1100000000
1102510000,112510000,San Isidro,Mun,,1102500000,1100000000
1102511000,112511000,Tarragona,Mun,,1102500000,1100000000
1108201000,118201000,Compostela,Mun,,1108200000,1100000000
1108202000,118202000,Laak,Mun,,1108200000,1100000000
1108203000,118203000,Mabini,Mun,,1108200000,1100000000
1108204000,118204000,Maco,Mun,,1108200000,1100000000
1108205000,118205000,Maragusan,Mun,,1108200000,1100000000
1108206000,118206000,Mawab,Mun,,1108200000,1100000000
1108207000,118207000,Monkayo,Mun,,1108200000,1100000000
1108208000,118208000,Montevista,Mun,,1108200000,1100000000
1108209000,118209000,Nabunturan,Mun,,1108200000,1100000000
1108210000,118210000,New Bataan,Mun,,1108200000,1100000000
1108211000,118211000,Pantukan,Mun,,1108200000,1100000000
1108601000,118601000,Don Marcelino,Mun,,1108600000,1100000000
1108602000,118602000,Jose Abad Santos,Mun,,1108600000,1100000000
1108603000,118603000,Malita,Mun,,1108600000,1100000000
1108604000,118604000,Santa Maria,Mun,,1108600000,1100000000
1108605000,118605000,Sarangani,Mun,,1108600000,1100000000
1204701000,124701000,Alamada,Mun,,1204700000,1200000000
1204702000,124702000,Carmen,Mun,,1204700000,1200000000
1204703000,124703000,Kabacan,Mun,,1204700000,1200000000
1204704000,124704000,City of Kidapawan,City,CC,1204700000,1200000000
1204705000,124705000,Libungan,Mun,,1204700000,1200000000
1204706000,124706000,Magpet,Mun,,1204700000,1200000000
1204707000,124707000,Makilala,Mun,,1204700000,1200000000
1204708000,124708000,Matalam,Mun,,1204700000,1200000000
1204709000,124709000,Midsayap,Mun,,1204700000,1200000000
1204710000,124710000,M'Lang,Mun,,1204700000,1200000000
1204711000,124711000,Pigkawayan,Mun,,1204700000,1200000000
1204712000,124712000,Pikit,Mun,,1204700000,1200000000
1204713000,124713000,President Roxas,Mun,,1204700000,1200000000
1204714000,124714000,Tulunan,Mun,,1204700000,1200000000
1204715000,124715000,Antipas,Mun,,1204700000,1200000000
1204716000,124716000,Banisilan,Mun,,1204700000,1200000000
1204717000,124717000,Aleosan,Mun,,1204700000,1200000000
1204718000,124718000,Arakan,Mun,,1204700000,1200000000
1206302000,126302000,Banga,Mun,,1206300000,1200000000
1230800000,126303000,General Santos City,City,HUC,1206300000,1200000000
1206306000,126306000,City of Koronadal,City,CC,1206300000,1200000000
1206311000,126311000,Norala,Mun,,1206300000,1200000000
1206312000,126312000,Polomolok,Mun,,1206300000,1200000000
1206313000,126313000,Surallah,Mun,,1206300000,1200000000
1206314000,126314000,Tampakan,Mun,,1206300000,1200000000
1206315000,126315000,Tantangan,Mun,,1206300000,1200000000
1206316000,126316000,T'Boli,Mun,,1206300000,1200000000
1206317000,126317000,Tupi,Mun,,1206300000,1200000000
1206318000,126318000,Santo Niño,Mun,,1206300000,1200000000
1206319000,126319000,Lake Sebu,Mun,,1206300000,1200000000
1206501000,126501000,Bagumbayan,Mun,,1206500000,1200000000
1206502000,126502000,Columbio,Mun,,1206500000,1200000000
1206503000,126503000,Esperanza,Mun,,1206500000,1200000000
1206504000,126504000,Isulan,Mun,,1206500000,1200000000
1206505000,126505000,Kalamansig,Mun,,1206500000,1200000000
1206506000,126506000,Lebak,Mun,,1206500000,1200000000
1206507000,126507000,Lutayan,Mun,,1206500000,1200000000
1206508000,126508000,Lambayong,Mun,,1206500000,1200000000
1206509000,126509000,Palimbang,Mun,,1206500000,1200000000
1206510000,126510000,President Quirino,Mun,,1206500000,1200000000
1206511000,126511000,City of Tacurong,City,CC,1206500000,1200000000
1206512000,126512000,Sen. Ninoy Aquino,Mun,,1206500000,1200000000
1208001000,128001000,Alabel,Mun,,1208000000,1200000000
1208002000,128002000,Glan,Mun,,1208000000,1200000000
1208003000,128003000,Kiamba,Mun,,1208000000,1200000000
1208004000,128004000,Maasim,Mun,,1208000000,1200000000
1208005000,128005000,Maitum,Mun,,1208000000,1200000000
1208006000,128006000,Malapatan,Mun,,1208000000,1200000000
1208007000,128007000,Malungon,Mun,,1208000000,1200000000
1908703000,129804000,Cotabato City,City,ICC,1204700000,1200000000
1380600000,133900000,City of Manila,City,HUC,1300000000,1300000000
1380500000,137401000,City of Mandaluyong,City,HUC,1300000000,1300000000
1380700000,137402000,City of Marikina,City,HUC,1300000000,1300000000
1381200000,137403000,City of Pasig,City,HUC,1300000000,1300000000
1381300000,137404000,Quezon City,City,HUC,1300000000,1300000000
1381400000,137405000,City of San Juan,City,HUC,1300000000,1300000000
1380100000,137501000,Caloocan City,City,HUC,1300000000,1300000000
1380400000,137502000,City of Malabon,City,HUC,1300000000,1300000000
1380900000,137503000,City of Navotas,City,HUC,1300000000,1300000000
1381600000,137504000,City of Valenzuela,City,HUC,1300000000,1300000000
1380200000,137601000,City of Las Piñas,City,HUC,1300000000,1300000000
1380300000,137602000,City of Makati,City,HUC,1300000000,1300000000
1380800000,137603000,City of Muntinlupa,City,HUC,1300000000,1300000000
1381000000,137604000,City of Parañaque,City,HUC,1300000000,1300000000
1381100000,137605000,Pasay City,City,HUC,1300000000,1300000000
1381701000,137606000,Pateros,Mun,,1300000000,1300000000
1381500000,137607000,Taguig City,City,HUC,1300000000,1300000000
1400101000,140101000,Bangued,Mun,,1400100000,1400000000
1400102000,140102000,Boliney,Mun,,1400100000,1400000000
1400103000,140103000,Bucay,Mun,,1400100000,1400000000
1400104000,140104000,Bucloc,Mun,,1400100000,1400000000
1400105000,140105000,Daguioman,Mun,,1400100000,1400000000
1400106000,140106000,Danglas,Mun,,1400100000,1400000000
1400107000,140107000,Dolores,Mun,,1400100000,1400000000
1400108000,140108000,La Paz,Mun,,1400100000,1400000000
1400109000,140109000,Lacub,Mun,,1400100000,1400000000
1400110000,140110000,Lagangilang,Mun,,1400100000,1400000000
1400111000,140111000,Lagayan,Mun,,1400100000,1400000000
1400112000,140112000,Langiden,Mun,,1400100000,1400000000
1400113000,140113000,Licuan-Baay,Mun,,1400100000,1400000000
1400114000,140114000,Luba,Mun,,1400100000,1400000000
1400115000,140115000,Malibcong,Mun,,1400100000,1400000000
1400116000,140116000,Manabo,Mun,,1400100000,1400000000
1400117000,140117000,Peñarrubia,Mun,,1400100000,1400000000
1400118000,140118000,Pidigan,Mun,,1400100000,1400000000
1400119000,140119000,Pilar,Mun,,1400100000,1400000000
1400120000,140120000,Sallapadan,Mun,,1400100000,1400000000
1400121000,140121000,San Isidro,Mun,,1400100000,1400000000
1400122000,140122000,San Juan,Mun,,1400100000,1400000000
1400123000,140123000,San Quintin,Mun,,1400100000,1400000000
1400124000,140124000,Tayum,Mun,,1400100000,1400000000
1400125000,140125000,Tineg,Mun,,1400100000,1400000000
1400126000,140126000,Tubo,Mun,,1400100000,1400000000
1400127000,140127000,Villaviciosa,Mun,,1400100000,1400000000
1401101000,141101000,Atok,Mun,,1401100000,1400000000
1430300000,141102000,Baguio City,City,HUC,1401100000,1400000000
1401103000,141103000,Bakun,Mun,,1401100000,1400000000
1401104000,141104000,Bokod,Mun,,1401100000,1400000000
1401105000,141105000,Buguias,Mun,,1401100000,1400000000
1401106000,141106000,Itogon,Mun,,1401100000,1400000000
1401107000,141107000,Kabayan,Mun,,1401100000,1400000000
1401108000,141108000,Kapangan,Mun,,1401100000,1400000000
1401109000,141109000,Kibungan,Mun,,1401100000,1400000000
1401110000,141110000,La Trinidad,Mun,,1401100000,1400000000
1401111000,141111000,Mankayan,Mun,,1401100000,1400000000
1401112000,141112000,Sablan,Mun,,1401100000,1400000000
1401113000,141113000,Tuba,Mun,,1401100000,1400000000
1401114000,141114000,Tublay,Mun,,1401100000,1400000000
1402701000,142701000,Banaue,Mun,,1402700000,1400000000
1402702000,142702000,Hungduan,Mun,,1402700000,1400000000
1402703000,142703000,Kiangan,Mun,,1402700000,1400000000
1402704000,142704000,Lagawe,Mun,,1402700000,1400000000
1402705000,142705000,Lamut,Mun,,1402700000,1400000000
1402706000,142706000,Mayoyao,Mun,,1402700000,1400000000
1402707000,142707000,Alfonso Lista,Mun,,1402700000,1400000000
1402708000,142708000,Aguinaldo,Mun,,1402700000,1400000000
1402709000,142709000,Hingyon,Mun,,1402700000,1400000000
1402710000,142710000,Tinoc,Mun,,1402700000,1400000000
1402711000,142711000,Asipulo,Mun,,1402700000,1400000000
1403201000,143201000,Balbalan,Mun,,1403200000,1400000000
1403206000,143206000,Lubuagan,Mun,,1403200000,1400000000
1403208000,143208000,Pasil,Mun,,1403200000,1400000000
1403209000,143209000,Pinukpuk,Mun,,1403200000,1400000000
1403211000,143211000,Rizal,Mun,,1403200000,1400000000
1403213000,143213000,City of Tabuk,City,CC,1403200000,1400000000
1403214000,143214000,Tanudan,Mun,,1403200000,1400000000
1403215000,143215000,Tinglayan,Mun,,1403200000,1400000000
1404401000,144401000,Barlig,Mun,,1404400000,1400000000
1404402000,144402000,Bauko,Mun,,1404400000,1400000000
1404403000,144403000,Besao,Mun,,1404400000,1400000000
1404404000,144404000,Bontoc,Mun,,1404400000,1400000000
1404405000,144405000,Natonin,Mun,,1404400000,1400000000
1404406000,144406000,Paracelis,Mun,,1404400000,1400000000
1404407000,144407000,Sabangan,Mun,,1404400000,1400000000
1404408000,144408000,Sadanga,Mun,,1404400000,1400000000
1404409000,144409000,Sagada,Mun,,1404400000,1400000000
1404410000,144410000,Tadian,Mun,,1404400000,1400000000
1408101000,148101000,Calanasan,Mun,,1408100000,1400000000
1408102000,148102000,Conner,Mun,,1408100000,1400000000
1408103000,148103000,Flora,Mun,,1408100000,1400000000
1408104000,148104000,Kabugao,Mun,,1408100000,1400000000
1408105000,148105000,Luna,Mun,,1408100000,1400000000
1408106000,148106000,Pudtol,Mun,,1408100000,1400000000
1408107000,148107000,Santa Marcela,Mun,,1408100000,1400000000
1900702000,150702000,City of Lamitan,City,CC,1900700000,1900000000
1900703000,150703000,Lantawan,Mun,,1900700000,1900000000
1900704000,150704000,Maluso,Mun,,1900700000,1900000000
1900705000,150705000,Sumisip,Mun,,1900700000,1900000000
1900706000,150706000,Tipo-Tipo,Mun,,1900700000,1900000000
1900707000,150707000,Tuburan,Mun,,1900700000,1900000000
1900708000,150708000,Akbar,Mun,,1900700000,1900000000
1900709000,150709000,Al-Barka,Mun,,1900700000,1900000000
1900710000,150710000,Hadji Mohammad Ajul,Mun,,1900700000,1900000000
1900711000,150711000,Ungkaya Pukan,Mun,,1900700000,1900000000
1900712000,150712000,Hadji Muhtamad,Mun,,1900700000,1900000000
1900713000,150713000,Tabuan-Lasa,Mun,,1900700000,1900000000
1903601000,153601000,Bacolod-Kalawi,Mun,,1903600000,1900000000
1903602000,153602000,Balabagan,Mun,,1903600000,1900000000
1903603000,153603000,Balindong,Mun,,1903600000,1900000000
1903604000,153604000,Bayang,Mun,,1903600000,1900000000
1903605000,153605000,Binidayan,Mun,,1903600000,1900000000
1903606000,153606000,Bubong,Mun,,1903600000,1900000000
1903607000,153607000,Butig,Mun,,1903600000,1900000000
1903609000,153609000,Ganassi,Mun,,1903600000,1900000000
1903610000,153610000,Kapai,Mun,,1903600000,1900000000
1903611000,153611000,Lumba-Bayabao,Mun,,1903600000,1900000000
1903612000,153612000,Lumbatan,Mun,,1903600000,1900000000
1903613000,153613000,Madalum,Mun,,1903600000,1900000000
1903614000,153614000,Madamba,Mun,,1903600000,1900000000
1903615000,153615000,Malabang,Mun,,1903600000,1900000000
1903616000,153616000,Marantao,Mun,,1903600000,1900000000
1903617000,153617000,Marawi City,City,CC,1903600000,1900000000
1903618000,153618000,Masiu,Mun,,1903600000,1900000000
1903619000,153619000,Mulondo,Mun,,1903600000,1900000000
1903620000,153620000,Pagayawan,Mun,,1903600000,1900000000
1903621000,153621000,Piagapo,Mun,,1903600000,1900000000
1903622000,153622000,Poona Bayabao,Mun,,1903600000,1900000000
1903623000,153623000,Pualas,Mun,,1903600000,1900000000
1903624000,153624000,Ditsaan-Ramain,Mun,,1903600000,1900000000
1903625000,153625000,Saguiaran,Mun,,1903600000,1900000000
1903626000,153626000,Tamparan,Mun,,1903600000,1900000000
1903627000,153627000,Taraka,Mun,,1903600000,1900000000
1903628000,153628000,Tubaran,Mun,,1903600000,1900000000
1903629000,153629000,Tugaya,Mun,,1903600000,1900000000
1903630000,153630000,Wao,Mun,,1903600000,1900000000
1903631000,153631000,Marogong,Mun,,1903600000,1900000000
1903632000,153632000,Calanogas,Mun,,1903600000,1900000000
1903633000,153633000,Buadiposo-Buntong,Mun,,1903600000,1900000000
1903634000,153634000,Maguing,Mun,,1903600000,1900000000
1903635000,153635000,Picong,Mun,,1903600000,1900000000
1903636000,153636000,Lumbayanague,Mun,,1903600000,1900000000
1903637000,153637000,Bumbaran,Mun,,1903600000,1900000000
1903638000,153638000,Tagoloan II,Mun,,1903600000,1900000000
1903639000,153639000,Kapatagan,Mun,,1903600000,1900000000
1903640000,153640000,Sultan Dumalondong,Mun,,1903600000,1900000000
1903641000,153641000,Lumbaca-Unayan,Mun,,1903600000,1900000000
1908801000,153801000,Ampatuan,Mun,,1908800000,1900000000
1908702000,153802000,Buldon,Mun,,1908700000,1900000000
1908802000,153803000,Buluan,Mun,,1908800000,1900000000
1908806000,153805000,Datu Paglas,Mun,,1908800000,1900000000
1908807000,153806000,Datu Piang,Mun,,1908800000,1900000000
1908705000,153807000,Datu Odin Sinsuat,Mun,,1908700000,1900000000
1908820000,153808000,Shariff Aguak,Mun,,1908800000,1900000000
1908707000,153809000,Matanog,Mun,,1908700000,1900000000
1908816000,153810000,Pagalungan,Mun,,1908800000,1900000000
1908709000,153811000,Parang,Mun,,1908700000,1900000000
1908710000,153812000,Sultan Kudarat,Mun,,1908700000,1900000000
1908823000,153813000,Sultan Sa Barongis,Mun,,1908800000,1900000000
1908706000,153814000,Kabuntalan,Mun,,1908700000,1900000000
1908713000,153815000,Upi,Mun,,1908700000,1900000000
1908824000,153816000,Talayan,Mun,,1908800000,1900000000
1908822000,153817000,South Upi,Mun,,1908800000,1900000000
1908701000,153818000,Barira,Mun,,1908700000,1900000000
1908811000,153819000,Gen. S.K. Pendatun,Mun,,1908800000,1900000000
1908813000,153820000,Mamasapano,Mun,,1908800000,1900000000
1908712000,153821000,Talitay,Mun,,1908700000,1900000000
1908815000,153822000,Pagagawan,Mun,,1908800000,1900000000
1908817000,153823000,Paglat,Mun,,1908800000,1900000000
1908711000,153824000,Sultan Mastura,Mun,,1908700000,1900000000
1908812000,153825000,Guindulungan,Mun,,1908800000,1900000000
1908809000,153826000,Datu Saudi-Ampatuan,Mun,,1908800000,1900000000
1908810000,153827000,Datu Unsay,Mun,,1908800000,1900000000
1908803000,153828000,Datu Abdullah Sangki,Mun,,1908800000,1900000000
1908819000,153829000,Rajah Buayan,Mun,,1908800000,1900000000
1908704000,153830000,Datu Blah T. Sinsuat,Mun,,1908700000,1900000000
1908804000,153831000,Datu Anggal Midtimbang,Mun,,1908800000,1900000000
1908814000,153832000,Mangudadatu,Mun,,1908800000,1900000000
1908818000,153833000,Pandag,Mun,,1908800000,1900000000
1908708000,153834000,Northern Kabuntalan,Mun,,1908700000,1900000000
1908805000,153835000,Datu Hoffer Ampatuan,Mun,,1908800000,1900000000
1908808000,153836000,Datu Salibo,Mun,,1908800000,1900000000
1908821000,153837000,Shariff Saydona Mustapha,Mun,,1908800000,1900000000
0906601000,156601000,Indanan,Mun,,0906600000,1900000000
0906602000,156602000,Jolo,Mun,,0906600000,1900000000
0906603000,156603000,Kalingalan Caluang,Mun,,0906600000,1900000000
0906604000,156604000,Luuk,Mun,,0906600000,1900000000
0906605000,156605000,Maimbung,Mun,,0906600000,1900000000
0906606000,156606000,Hadji Panglima Tahil,Mun,,0906600000,1900000000
0906607000,156607000,Old Panamao,Mun,,0906600000,1900000000
0906608000,156608000,Pangutaran,Mun,,0906600000,1900000000
0906609000,156609000,Parang,Mun,,1908700000,1900000000
0906610000,156610000,Pata,Mun,,0906600000,1900000000
0906611000,156611000,Patikul,Mun,,0906600000,1900000000
0906612000,156612000,Siasi,Mun,,0906600000,1900000000
0906613000,156613000,Talipao,Mun,,0906600000,1900000000
0906614000,156614000,Tapul,Mun,,0906600000,1900000000
0906615000,156615000,Tongkil,Mun,,0906600000,1900000000
0906616000,156616000,Panglima Estino,Mun,,0906600000,1900000000
0906617000,156617000,Lugus,Mun,,0906600000,1900000000
0906618000,156618000,Pandami,Mun,,0906600000,1900000000
0906619000,156619000,Omar,Mun,,0906600000,1900000000
1907001000,157001000,Panglima Sugala,Mun,,1907000000,1900000000
1907002000,157002000,Bongao,Mun,,1907000000,1900000000
1907003000,157003000,Mapun,Mun,,1907000000,1900000000
1907004000,157004000,Simunul,Mun,,1907000000,1900000000
1907005000,157005000,Sitangkai,Mun,,1907000000,1900000000
1907006000,157006000,South Ubian,Mun,,1907000000,1900000000
1907007000,157007000,Tandubas,Mun,,1907000000,1900000000
1907008000,157008000,Turtle Islands,Mun,,1907000000,1900000000
1907009000,157009000,Languyan,Mun,,1907000000,1900000000
1907010000,157010000,Sapa-Sapa,Mun,,1907000000,1900000000
1907011000,157011000,Sibutu,Mun,,1907000000,1900000000
1600201000,160201000,Buenavista,Mun,,1600200000,1600000000
1630400000,160202000,Butuan City,City,HUC,1600200000,1600000000
1600203000,160203000,City of Cabadbaran,City,CC,1600200000,1600000000
1600204000,160204000,Carmen,Mun,,1600200000,1600000000
1600205000,160205000,Jabonga,Mun,,1600200000,1600000000
1600206000,160206000,Kitcharao,Mun,,1600200000,1600000000
1600207000,160207000,Las Nieves,Mun,,1600200000,1600000000
1600208000,160208000,Magallanes,Mun,,1600200000,1600000000
1600209000,160209000,Nasipit,Mun,,1600200000,1600000000
1600210000,160210000,Santiago,Mun,,1600200000,1600000000
1600211000,160211000,Tubay,Mun,,1600200000,1600000000
1600212000,160212000,Remedios T. Romualdez,Mun,,1600200000,1600000000
1600301000,160301000,City of Bayugan,City,CC,1600300000,1600000000
1600302000,160302000,Bunawan,Mun,,1600300000,1600000000
1600303000,160303000,Esperanza,Mun,,1600300000,1600000000
1600304000,160304000,La Paz,Mun,,1600300000,1600000000
1600305000,160305000,Loreto,Mun,,1600300000,1600000000
1600306000,160306000,Prosperidad,Mun,,1600300000,1600000000
1600307000,160307000,Rosario,Mun,,1600300000,1600000000
1600308000,160308000,San Francisco,Mun,,1600300000,1600000000
1600309000,160309000,San Luis,Mun,,1600300000,1600000000
1600310000,160310000,Santa Josefa,Mun,,1600300000,1600000000
1600311000,160311000,Talacogon,Mun,,1600300000,1600000000
1600312000,160312000,Trento,Mun,,1600300000,1600000000
1600313000,160313000,Veruela,Mun,,1600300000,1600000000
1600314000,160314000,Sibagat,Mun,,1600300000,1600000000
1606701000,166701000,Alegria,Mun,,1606700000,1600000000
1606702000,166702000,Bacuag,Mun,,1606700000,1600000000
1606704000,166704000,Burgos,Mun,,1606700000,1600000000
1606706000,166706000,Claver,Mun,,1606700000,1600000000
1606707000,166707000,Dapa,Mun,,1606700000,1600000000
1606708000,166708000,Del Carmen,Mun,,1606700000,1600000000
1606710000,166710000,General Luna,Mun,,1606700000,1600000000
1606711000,166711000,Gigaquit,Mun,,1606700000,1600000000
1606714000,166714000,Mainit,Mun,,1606700000,1600000000
1606715000,166715000,Malimono,Mun,,1606700000,1600000000
1606716000,166716000,Pilar,Mun,,1606700000,1600000000
1606717000,166717000,Placer,Mun,,1606700000,1600000000
1606718000,166718000,San Benito,Mun,,1606700000,1600000000
1606719000,166719000,San Francisco,Mun,,1606700000,1600000000
1606720000,166720000,San Isidro,Mun,,1606700000,1600000000
1606721000,166721000,Santa Monica,Mun,,1606700000,1600000000
1606722000,166722000,Sison,Mun,,1606700000,1600000000
1606723000,166723000,Socorro,Mun,,1606700000,1600000000
1606724000,166724000,Surigao City,City,CC,1606700000,1600000000
1606725000,166725000,Tagana-An,Mun,,1606700000,1600000000
1606727000,166727000,Tubod,Mun,,1606700000,1600000000
1606801000,166801000,Barobo,Mun,,1606800000,1600000000
1606802000,166802000,Bayabas,Mun,,1606800000,1600000000
1606803000,166803000,City of Bislig,City,CC,1606800000,1600000000
1606804000,166804000,Cagwait,Mun,,1606800000,1600000000
1606805000,166805000,Cantilan,Mun,,1606800000,1600000000
1606806000,166806000,Carmen,Mun,,1606800000,1600000000
1606807000,166807000,Carrascal,Mun,,1606800000,1600000000
1606808000,166808000,Cortes,Mun,,1606800000,1600000000
1606809000,166809000,Hinatuan,Mun,,1606800000,1600000000
1606810000,166810000,Lanuza,Mun,,1606800000,1600000000
1606811000,166811000,Lianga,Mun,,1606800000,1600000000
1606812000,166812000,Lingig,Mun,,1606800000,1600000000
1606813000,166813000,Madrid,Mun,,1606800000,1600000000
1606814000,166814000,Marihatag,Mun,,1606800000,1600000000
1606815000,166815000,San Agustin,Mun,,1606800000,1600000000
1606816000,166816000,San Miguel,Mun,,1606800000,1600000000
1606817000,166817000,Tagbina,Mun,,1606800000,1600000000
1606818000,166818000,Tago,Mun,,1606800000,1600000000
1606819000,166819000,City of Tandag,City,CC,1606800000,1600000000
1608501000,168501000,Basilisa,Mun,,1608500000,1600000000
1608502000,168502000,Cagdianao,Mun,,1608500000,1600000000
1608503000,168503000,Dinagat,Mun,,1608500000,1600000000
1608504000,168504000,Libjo,Mun,,1608500000,1600000000
1608505000,168505000,Loreto,Mun,,1608500000,1600000000
1608506000,168506000,San Jose,Mun,,1608500000,1600000000
1608507000,168507000,Tubajon,Mun,,1608500000,1600000000
1704001000,174001000,Boac,Mun,,1704000000,1700000000
1704002000,174002000,Buenavista,Mun,,1704000000,1700000000
1704003000,174003000,Gasan,Mun,,1704000000,1700000000
1704004000,174004000,Mogpog,Mun,,1704000000,1700000000
1704005000,174005000,Santa Cruz,Mun,,1704000000,1700000000
1704006000,174006000,Torrijos,Mun,,1704000000,1700000000
1705101000,175101000,Abra de Ilog,Mun,,1705100000,1700000000
1705102000,175102000,Calintaan,Mun,,1705100000,1700000000
1705103000,175103000,Looc,Mun,,1705100000,1700000000
1705104000,175104000,Lubang,Mun,,1705100000,1700000000
1705105000,175105000,Magsaysay,Mun,,1705100000,1700000000
1705106000,175106000,Mamburao,Mun,,1705100000,1700000000
1705107000,175107000,Paluan,Mun,,1705100000,1700000000
1705108000,175108000,Rizal,Mun,,1705100000,1700000000
1705109000,175109000,Sablayan,Mun,,1705100000,1700000000
1705311000,175311000,Dumaran,Mun,,1705300000,1700000000
1705312000,175312000,El Nido,Mun,,1705300000,1700000000
1705313000,175313000,Linapacan,Mun,,1705300000,1700000000
1705314000,175314000,Magsaysay,Mun,,1705300000,1700000000
1705315000,175315000,Narra,Mun,,1705300000,1700000000
1731500000,175316000,Puerto Princesa City,City,HUC,1705300000,1700000000
1705317000,175317000,Quezon,Mun,,1705300000,1700000000
1705318000,175318000,Roxas,Mun,,1705300000,1700000000
1705319000,175319000,San Vicente,Mun,,1705300000,1700000000
1705320000,175320000,Taytay,Mun,,1705300000,1700000000
1705321000,175321000,Kalayaan,Mun,,1705300000,1700000000
1705322000,175322000,Culion,Mun,,1705300000,1700000000
1705323000,175323000,Rizal,Mun,,1705300000,1700000000
1705324000,175324000,Sofronio Espanola,Mun,,1705300000,1700000000
1705901000,175901000,Alcantara,Mun,,1705900000,1700000000
1705902000,175902000,Banton,Mun,,1705900000,1700000000
0102801000,012801000,Adams,Mun,,0102800000,0100000000
0102802000,012802000,Bacarra,Mun,,0102800000,0100000000
0102803000,012803000,Badoc,Mun,,0102800000,0100000000
0102804000,012804000,Bangui,Mun,,0102800000,0100000000
0102805000,012805000,City of Batac,City,CC,0102800000,0100000000
0102807000,012807000,Carasi,Mun,,0102800000,0100000000
0102808000,012808000,Currimao,Mun,,0102800000,0100000000
0102809000,012809000,Dingras,Mun,,0102800000,0100000000
0102810000,012810000,Dumalneg,Mun,,0102800000,0100000000
0102811000,012811000,Banna,Mun,,0102800000,0100000000
0102812000,012812000,Laoag City,City,CC,0102800000,0100000000
0102813000,012813000,Marcos,Mun,,0102800000,0100000000
0102814000,012814000,Nueva Era,Mun,,0102800000,0100000000
0102815000,012815000,Pagudpud,Mun,,0102800000,0100000000
0102816000,012816000,Paoay,Mun,,0102800000,0100000000
0102817000,012817000,Pasuquin,Mun,,0102800000,0100000000
0102818000,012818000,Piddig,Mun,,0102800000,0100000000
0102819000,012819000,Pinili,Mun,,0102800000,0100000000
0102820000,012820000,San Nicolas,Mun,,0102800000,0100000000
0102821000,012821000,Sarrat,Mun,,0102800000,0100000000
0102822000,012822000,Solsona,Mun,,0102800000,0100000000
0102823000,012823000,Vintar,Mun,,0102800000,0100000000
0102806000,012806000,Burgos,Mun,,0102800000,0100000000
1705903000,175903000,Cajidiocan,Mun,,1705900000,1700000000
1705904000,175904000,Calatrava,Mun,,1705900000,1700000000
1705905000,175905000,Concepcion,Mun,,1705900000,1700000000
1705906000,175906000,Corcuera,Mun,,1705900000,1700000000
1705907000,175907000,Looc,Mun,,1705900000,1700000000
1705908000,175908000,Magdiwang,Mun,,1705900000,1700000000
1705909000,175909000,Odiongan,Mun,,1705900000,1700000000
1705910000,175910000,Romblon,Mun,,1705900000,1700000000
1705911000,175911000,San Agustin,Mun,,1705900000,1700000000
1705912000,175912000,San Andres,Mun,,1705900000,1700000000
1705913000,175913000,San Fernando,Mun,,1705900000,1700000000
1705914000,175914000,San Jose,Mun,,1705900000,1700000000
1705915000,175915000,Santa Fe,Mun,,1705900000,1700000000
1705916000,175916000,Ferrol,Mun,,1705900000,1700000000
1705917000,175917000,Santa Maria,Mun,,1705900000,1700000000
1830200000,064501000,Bacolod City,City,HUC,1804500000,0600000000
1804502000,064502000,Bago City,City,CC,1804500000,0600000000
1804503000,064503000,Binalbagan,Mun,,1804500000,0600000000
1804504000,064504000,Cadiz City,City,CC,1804500000,0600000000
1804505000,064505000,Calatrava,Mun,,1804500000,0600000000
1804506000,064506000,Candoni,Mun,,1804500000,0600000000
1804606000,074606000,City of Bayawan,City,CC,1804600000,0700000000
1804607000,074607000,Bindoy,Mun,,1804600000,0700000000
1804608000,074608000,Canlaon City,City,CC,1804600000,0700000000
1804609000,074609000,Dauin,Mun,,1804600000,0700000000
1804610000,074610000,Dumaguete City,City,CC,1804600000,0700000000
1804611000,074611000,City of Guihulngan,City,CC,1804600000,0700000000
1804612000,074612000,Jimalalud,Mun,,1804600000,0700000000
1804613000,074613000,La Libertad,Mun,,1804600000,0700000000
1804614000,074614000,Mabinay,Mun,,1804600000,0700000000
1804615000,074615000,Manjuyod,Mun,,1804600000,0700000000
1804616000,074616000,Pamplona,Mun,,1804600000,0700000000
1804617000,074617000,San Jose,Mun,,1804600000,0700000000
1804618000,074618000,Santa Catalina,Mun,,1804600000,0700000000
1804619000,074619000,Siaton,Mun,,1804600000,0700000000
1804620000,074620000,Sibulan,Mun,,1804600000,0700000000
1804621000,074621000,City of Tanjay,City,CC,1804600000,0700000000
1804622000,074622000,Tayasan,Mun,,1804600000,0700000000
1804623000,074623000,Valencia,Mun,,1804600000,0700000000
1804624000,074624000,Vallehermoso,Mun,,1804600000,0700000000
1804625000,074625000,Zamboanguita,Mun,,1804600000,0700000000
1999901000,,Kapalawan,Mun,,1909900000,1900000000
1999902000,,Old Kaabakan,Mun,,1909900000,1900000000
1999903000,,Kadayangan,Mun,,1909900000,1900000000
1999904000,,Nabalawag,Mun,,1909900000,1900000000
1999905000,,Pahamuddin,Mun,,1909900000,1900000000
1999906000,,Malidegao,Mun,,1909900000,1900000000
1999907000,,Ligawasan,Mun,,1909900000,1900000000
0501718000,051718000,Libmanan,Mun,,0501700000,0500000000
0501719000,051719000,Lupi,Mun,,0501700000,0500000000
0501720000,051720000,Magarao,Mun,,0501700000,0500000000
0501721000,051721000,Milaor,Mun,,0501700000,0500000000
0501722000,051722000,Minalabac,Mun,,0501700000,0500000000
0501723000,051723000,Nabua,Mun,,0501700000,0500000000
0501724000,051724000,Naga City,City,ICC,0501700000,0500000000
0501725000,051725000,Ocampo,Mun,,0501700000,0500000000
0501726000,051726000,Pamplona,Mun,,0501700000,0500000000
0501727000,051727000,Pasacao,Mun,,0501700000,0500000000
0501728000,051728000,Pili,Mun,,0501700000,0500000000
0501729000,051729000,Presentacion,Mun,,0501700000,0500000000
0501730000,051730000,Ragay,Mun,,0501700000,0500000000
0908313000,098313000,Siay,Mun,,0908300000,0900000000
0908314000,098314000,Talusan,Mun,,0908300000,0900000000
0908315000,098315000,Titay,Mun,,0908300000,0900000000
0908316000,098316000,Tungawan,Mun,,0908300000,0900000000
0990101000,099701000,City of Isabela,City,CC,1900700000,1900000000
1001301000,101301000,Baungon,Mun,,1001300000,1000000000
1001302000,101302000,Damulog,Mun,,1001300000,1000000000
1001303000,101303000,Dangcagan,Mun,,1001300000,1000000000
1001304000,101304000,Don Carlos,Mun,,1001300000,1000000000
1001308000,101308000,Kibawe,Mun,,1001300000,1000000000
1705110000,175110000,San Jose,Mun,,1705100000,1700000000
1705111000,175111000,Santa Cruz,Mun,,1705100000,1700000000
1705201000,175201000,Baco,Mun,,1705200000,1700000000
1705202000,175202000,Bansud,Mun,,1705200000,1700000000
1705203000,175203000,Bongabong,Mun,,1705200000,1700000000
1705204000,175204000,Bulalacao,Mun,,1705200000,1700000000
1705205000,175205000,City of Calapan,City,CC,1705200000,1700000000
1705206000,175206000,Gloria,Mun,,1705200000,1700000000
1705207000,175207000,Mansalay,Mun,,1705200000,1700000000
1705208000,175208000,Naujan,Mun,,1705200000,1700000000
1705209000,175209000,Pinamalayan,Mun,,1705200000,1700000000
1705210000,175210000,Pola,Mun,,1705200000,1700000000
1705211000,175211000,Puerto Galera,Mun,,1705200000,1700000000
1705212000,175212000,Roxas,Mun,,1705200000,1700000000
1705213000,175213000,San Teodoro,Mun,,1705200000,1700000000
1705214000,175214000,Socorro,Mun,,1705200000,1700000000
1705215000,175215000,Victoria,Mun,,1705200000,1700000000
1705301000,175301000,Aborlan,Mun,,1705300000,1700000000
1705302000,175302000,Agutaya,Mun,,1705300000,1700000000
1705303000,175303000,Araceli,Mun,,1705300000,1700000000
1705304000,175304000,Balabac,Mun,,1705300000,1700000000
1705305000,175305000,Bataraza,Mun,,1705300000,1700000000
1705306000,175306000,Brooke's Point,Mun,,1705300000,1700000000
1705307000,175307000,Busuanga,Mun,,1705300000,1700000000
1705308000,175308000,Cagayancillo,Mun,,1705300000,1700000000
1705309000,175309000,Coron,Mun,,1705300000,1700000000
1705310000,175310000,Cuyo,Mun,,1705300000,1700000000
1804507000,064507000,Cauayan,Mun,,1804500000,0600000000
1804508000,064508000,Enrique B. Magalona,Mun,,1804500000,0600000000
1804509000,064509000,City of Escalante,City,CC,1804500000,0600000000
1804510000,064510000,City of Himamaylan,City,CC,1804500000,0600000000
1804511000,064511000,Hinigaran,Mun,,1804500000,0600000000
1804512000,064512000,Hinoba-An,Mun,,1804500000,0600000000
1804513000,064513000,Ilog,Mun,,1804500000,0600000000
1804514000,064514000,Isabela,Mun,,1804500000,0600000000
1804515000,064515000,City of Kabankalan,City,CC,1804500000,0600000000
1804516000,064516000,La Carlota City,City,CC,1804500000,0600000000
1804517000,064517000,La Castellana,Mun,,1804500000,0600000000
1804518000,064518000,Manapla,Mun,,1804500000,0600000000
1804519000,064519000,Moises Padilla,Mun,,1804500000,0600000000
1804520000,064520000,Murcia,Mun,,1804500000,0600000000
1804521000,064521000,Pontevedra,Mun,,1804500000,0600000000
1804522000,064522000,Pulupandan,Mun,,1804500000,0600000000
1804523000,064523000,Sagay City,City,CC,1804500000,0600000000
1804524000,064524000,San Carlos City,City,CC,1804500000,0600000000
1804525000,064525000,San Enrique,Mun,,1804500000,0600000000
1804526000,064526000,Silay City,City,CC,1804500000,0600000000
1804527000,064527000,City of Sipalay,City,CC,1804500000,0600000000
1804528000,064528000,City of Talisay,City,CC,1804500000,0600000000
1804529000,064529000,Toboso,Mun,,1804500000,0600000000
1804530000,064530000,Valladolid,Mun,,1804500000,0600000000
1804531000,064531000,City of Victorias,City,CC,1804500000,0600000000
1804532000,064532000,Salvador Benedicto,Mun,,1804500000,0600000000
1804601000,074601000,Amlan,Mun,,1804600000,0700000000
1804602000,074602000,Ayungon,Mun,,1804600000,0700000000
1804603000,074603000,Bacong,Mun,,1804600000,0700000000
1804604000,074604000,Bais City,City,CC,1804600000,0700000000
1804605000,074605000,Basay,Mun,,1804600000,0700000000
1999908000,,Tugunan,Mun,,1909900000,1900000000
